dev_eui,created_at,temperature_c,humidity,co2,pressure,smoke_detected
"0025CA0000000F49","2025-11-08 14:58:01","1.6","95.84","f","f","f"
"0025CA0000000F49","2025-11-08 14:47:50","1.66","79.07","f","f","f"
"0025CA0000000F49","2025-11-08 14:37:40","2.96","99.63","f","f","f"
"0025CA0000000F49","2025-11-08 14:27:49","1.82","92.98","f","f","f"
"0025CA0000000F49","2025-11-08 14:27:41","1.82","92.98","f","f","f"
"0025CA0000000F49","2025-11-08 14:27:36","1.82","92.98","f","f","f"
"0025CA0000000F49","2025-11-08 14:17:19","3.11","95.91","f","f","f"
"0025CA0000000F49","2025-11-08 14:07:08","2.64","98.44","f","f","f"
"0025CA0000000F49","2025-11-08 13:56:43","1.95","81.38","f","f","f"
"0025CA0000000F49","2025-11-08 13:46:50","3.36","94.68","f","f","f"
"0025CA0000000F49","2025-11-08 13:46:45","3.36","94.68","f","f","f"
"0025CA0000000F49","2025-11-08 13:46:38","3.36","94.68","f","f","f"
"0025CA0000000F49","2025-11-08 13:46:32","3.36","94.68","f","f","f"
"0025CA0000000F49","2025-11-08 13:36:22","3.64","100","f","f","f"
"0025CA0000000F49","2025-11-08 13:26:12","2.65","97.36","f","f","f"
"0025CA0000000F49","2025-11-08 13:16:20","2.12","90.99","f","f","f"
"0025CA0000000F49","2025-11-08 13:16:13","2.12","90.99","f","f","f"
"0025CA0000000F49","2025-11-08 13:16:07","2.12","90.99","f","f","f"
"0025CA0000000F49","2025-11-08 13:16:00","2.12","90.99","f","f","f"
"0025CA0000000F49","2025-11-08 13:05:50","3.39","97.08","f","f","f"
"0025CA0000000F49","2025-11-08 12:55:40","2.55","95.6","f","f","f"
"0025CA0000000F49","2025-11-08 12:45:30","2.37","80.12","f","f","f"
"0025CA0000000F49","2025-11-08 12:35:19","4.6","100","f","f","f"
"0025CA0000000F49","2025-11-08 12:25:29","3.35","100","f","f","f"
"0025CA0000000F49","2025-11-08 12:25:22","3.35","100","f","f","f"
"0025CA0000000F49","2025-11-08 12:25:15","3.35","100","f","f","f"
"0025CA0000000F49","2025-11-08 12:25:09","3.35","100","f","f","f"
"0025CA0000000F49","2025-11-08 12:14:58","1.59","92.89","f","f","f"
"0025CA0000000F49","2025-11-08 12:04:54","1.95","85.21","f","f","f"
"0025CA0000000F49","2025-11-08 12:04:48","1.95","85.21","f","f","f"
"0025CA0000000F49","2025-11-08 11:54:50","3.67","99.06","f","f","f"
"0025CA0000000F49","2025-11-08 11:54:43","3.67","99.06","f","f","f"
"0025CA0000000F49","2025-11-08 11:54:36","3.67","99.06","f","f","f"
"0025CA0000000F49","2025-11-08 11:44:26","2.45","96.58","f","f","f"
"0025CA0000000F49","2025-11-08 11:34:17","2.54","81.41","f","f","f"
"0025CA0000000F49","2025-11-08 11:24:07","4.13","100","f","f","f"
"0025CA0000000F49","2025-11-08 11:13:56","3.24","100","f","f","f"
"0025CA0000000F49","2025-11-08 11:04:05","1.83","92.3","f","f","f"
"0025CA0000000F49","2025-11-08 11:03:58","1.83","92.3","f","f","f"
"0025CA0000000F49","2025-11-08 11:03:52","1.83","92.3","f","f","f"
"0025CA0000000F49","2025-11-08 11:03:46","1.83","92.3","f","f","f"
"0025CA0000000F49","2025-11-08 10:53:54","3.4","96.27","f","f","f"
"0025CA0000000F49","2025-11-08 10:53:47","3.4","96.27","f","f","f"
"0025CA0000000F49","2025-11-08 10:53:41","3.4","96.27","f","f","f"
"0025CA0000000F49","2025-11-08 10:53:34","3.4","96.27","f","f","f"
"0025CA0000000F49","2025-11-08 10:43:36","2.74","98.57","f","f","f"
"0025CA0000000F49","2025-11-08 10:43:30","2.74","98.57","f","f","f"
"0025CA0000000F49","2025-11-08 10:43:24","2.74","98.57","f","f","f"
"0025CA0000000F49","2025-11-08 10:33:48","1.58","86.9","f","f","f"
"0025CA0000000F49","2025-11-08 10:33:33","1.58","86.9","f","f","f"
"0025CA0000000F49","2025-11-08 10:33:19","1.58","86.9","f","f","f"
"0025CA0000000F49","2025-11-08 10:33:03","1.58","86.9","f","f","f"
"0025CA0000000F49","2025-11-08 10:23:00","3.79","96.15","f","f","f"
"0025CA0000000F49","2025-11-08 10:13:24","3.06","99.89","f","f","f"
"0025CA0000000F49","2025-11-08 10:13:09","3.06","99.89","f","f","f"
"0025CA0000000F49","2025-11-08 10:12:55","3.06","99.89","f","f","f"
"0025CA0000000F49","2025-11-08 10:12:40","3.06","99.89","f","f","f"
"0025CA0000000F49","2025-11-08 10:02:36","1.73","92.04","f","f","f"
"0025CA0000000F49","2025-11-08 09:52:19","3.02","100","f","f","f"
"0025CA0000000F49","2025-11-08 09:42:22","0.95","91.2","f","f","f"
"0025CA0000000F49","2025-11-08 09:42:15","0.95","91.2","f","f","f"
"0025CA0000000F49","2025-11-08 09:42:09","0.95","91.2","f","f","f"
"0025CA0000000F49","2025-11-08 09:31:59","3.4","100","f","f","f"
"0025CA0000000F49","2025-11-08 09:21:54","1.78","98.69","f","f","f"
"0025CA0000000F49","2025-11-08 09:21:48","1.78","98.69","f","f","f"
"0025CA0000000F49","2025-11-08 09:11:37","1.9","84.27","f","f","f"
"0025CA0000000F49","2025-11-08 09:01:39","1.13","96.34","f","f","f"
"0025CA0000000F49","2025-11-08 09:01:32","1.13","96.34","f","f","f"
"0025CA0000000F49","2025-11-08 09:01:27","1.13","96.34","f","f","f"
"0025CA0000000F49","2025-11-08 08:51:16","1.52","86.07","f","f","f"
"0025CA0000000F49","2025-11-08 08:40:57","2.71","95.04","f","f","f"
"0025CA0000000F49","2025-11-08 08:31:22","2.93","100","f","f","f"
"0025CA0000000F49","2025-11-08 08:31:07","2.93","100","f","f","f"
"0025CA0000000F49","2025-11-08 08:30:53","2.93","100","f","f","f"
"0025CA0000000F49","2025-11-08 08:30:38","2.93","100","f","f","f"
"0025CA0000000F49","2025-11-08 08:20:28","2.23","85.5","f","f","f"
"0025CA0000000F49","2025-11-08 08:10:22","3.76","100","f","f","f"
"0025CA0000000F49","2025-11-08 08:00:12","1.78","93.45","f","f","f"
"0025CA0000000F49","2025-11-08 07:49:46","3.87","100","f","f","f"
"0025CA0000000F49","2025-11-08 07:39:36","2.15","100","f","f","f"
"0025CA0000000F49","2025-11-08 07:29:10","1.66","83.29","f","f","f"
"0025CA0000000F49","2025-11-08 07:19:08","2.51","100","f","f","f"
"0025CA0000000F49","2025-11-08 07:08:49","2.44","89.92","f","f","f"
"0025CA0000000F49","2025-11-08 06:59:14","3.89","100","f","f","f"
"0025CA0000000F49","2025-11-08 06:58:59","3.89","100","f","f","f"
"0025CA0000000F49","2025-11-08 06:58:37","3.89","100","f","f","f"
"0025CA0000000F49","2025-11-08 06:48:19","2.79","100","f","f","f"
"0025CA0000000F49","2025-11-08 06:38:09","1.54","93.64","f","f","f"
"0025CA0000000F49","2025-11-08 06:27:42","3","99.4","f","f","f"
"0025CA0000000F49","2025-11-08 06:17:50","2.18","99.07","f","f","f"
"0025CA0000000F49","2025-11-08 06:17:44","2.18","99.07","f","f","f"
"0025CA0000000F49","2025-11-08 06:17:37","2.18","99.07","f","f","f"
"0025CA0000000F49","2025-11-08 06:07:33","2.34","86.76","f","f","f"
"0025CA0000000F49","2025-11-08 06:07:26","2.34","86.76","f","f","f"
"0025CA0000000F49","2025-11-08 06:07:20","2.34","86.76","f","f","f"
"0025CA0000000F49","2025-11-08 05:57:15","2.96","100","f","f","f"
"0025CA0000000F49","2025-11-08 05:57:09","2.96","100","f","f","f"
"0025CA0000000F49","2025-11-08 05:47:11","2.25","96.29","f","f","f"
"0025CA0000000F49","2025-11-08 05:47:05","2.25","96.29","f","f","f"
"0025CA0000000F49","2025-11-08 05:46:57","2.25","96.29","f","f","f"
"0025CA0000000F49","2025-11-08 05:36:47","3.71","100","f","f","f"
"0025CA0000000F49","2025-11-08 05:26:37","3.61","100","f","f","f"
"0025CA0000000F49","2025-11-08 05:16:27","3","100","f","f","f"
"0025CA0000000F49","2025-11-08 05:06:18","2.46","98.82","f","f","f"
"0025CA0000000F49","2025-11-08 04:56:07","2.8","93.18","f","f","f"
"0025CA0000000F49","2025-11-08 04:45:57","3.53","100","f","f","f"
"0025CA0000000F49","2025-11-08 04:35:48","2.49","98.66","f","f","f"
"0025CA0000000F49","2025-11-08 04:25:38","3.21","99.47","f","f","f"
"0025CA0000000F49","2025-11-08 04:15:27","2.85","100","f","f","f"
"0025CA0000000F49","2025-11-08 04:05:17","2.01","92.46","f","f","f"
"0025CA0000000F49","2025-11-08 03:55:07","3.73","100","f","f","f"
"0025CA0000000F49","2025-11-08 03:44:57","3.53","100","f","f","f"
"0025CA0000000F49","2025-11-08 03:34:47","2.37","96.28","f","f","f"
"0025CA0000000F49","2025-11-08 03:24:35","2.91","91.46","f","f","f"
"0025CA0000000F49","2025-11-08 03:14:25","3.71","100","f","f","f"
"0025CA0000000F49","2025-11-08 03:04:15","3.22","100","f","f","f"
"0025CA0000000F49","2025-11-08 02:54:06","3.47","97.27","f","f","f"
"0025CA0000000F49","2025-11-08 02:43:47","3.82","100","f","f","f"
"0025CA0000000F49","2025-11-08 02:33:37","3.59","100","f","f","f"
"0025CA0000000F49","2025-11-08 02:23:27","3.31","100","f","f","f"
"0025CA0000000F49","2025-11-08 02:13:16","2.91","100","f","f","f"
"0025CA0000000F49","2025-11-08 02:03:06","2.39","99.72","f","f","f"
"0025CA0000000F49","2025-11-08 01:53:02","1.89","95.12","f","f","f"
"0025CA0000000F49","2025-11-08 01:52:56","1.89","95.12","f","f","f"
"0025CA0000000F49","2025-11-08 01:42:45","2.69","97.7","f","f","f"
"0025CA0000000F49","2025-11-08 01:32:35","2.55","96.37","f","f","f"
"0025CA0000000F49","2025-11-08 01:22:26","3.83","100","f","f","f"
"0025CA0000000F49","2025-11-08 01:12:16","3.59","100","f","f","f"
"0025CA0000000F49","2025-11-08 01:02:23","3.25","100","f","f","f"
"0025CA0000000F49","2025-11-08 01:02:17","3.25","100","f","f","f"
"0025CA0000000F49","2025-11-08 01:02:10","3.25","100","f","f","f"
"0025CA0000000F49","2025-11-08 01:02:05","3.25","100","f","f","f"
"0025CA0000000F49","2025-11-08 00:52:12","2.81","100","f","f","f"
"0025CA0000000F49","2025-11-08 00:52:05","2.81","100","f","f","f"
"0025CA0000000F49","2025-11-08 00:52:00","2.81","100","f","f","f"
"0025CA0000000F49","2025-11-08 00:51:53","2.81","100","f","f","f"
"0025CA0000000F49","2025-11-08 00:41:43","2.48","97.89","f","f","f"
"0025CA0000000F49","2025-11-08 00:31:33","3.83","100","f","f","f"
"0025CA0000000F49","2025-11-08 00:21:22","3.63","100","f","f","f"
"0025CA0000000F49","2025-11-08 00:11:12","3.33","100","f","f","f"
"0025CA0000000F49","2025-11-08 00:01:02","2.93","100","f","f","f"
"0025CA0000000F49","2025-11-07 23:50:52","2.47","99.62","f","f","f"
"0025CA0000000F49","2025-11-07 23:40:42","2.08","94.68","f","f","f"
"0025CA0000000F49","2025-11-07 23:30:31","3.39","100","f","f","f"
"0025CA0000000F49","2025-11-07 23:20:21","2.93","100","f","f","f"
"0025CA0000000F49","2025-11-07 23:10:11","2.52","98.41","f","f","f"
"0025CA0000000F49","2025-11-07 23:00:01","3.36","99.35","f","f","f"
"0025CA0000000F49","2025-11-07 22:49:51","3.71","100","f","f","f"
"0025CA0000000F49","2025-11-07 22:39:40","3.41","100","f","f","f"
"0025CA0000000F49","2025-11-07 22:29:31","3.05","100","f","f","f"
"0025CA0000000F49","2025-11-07 22:19:21","2.6","99.48","f","f","f"
"0025CA0000000F49","2025-11-07 22:09:11","2.53","95.29","f","f","f"
"0025CA0000000F49","2025-11-07 21:59:01","3.74","100","f","f","f"
"0025CA0000000F49","2025-11-07 21:48:42","3.37","100","f","f","f"
"0025CA0000000F49","2025-11-07 21:38:32","2.64","99.7","f","f","f"
"0025CA0000000F49","2025-11-07 21:28:22","2.12","92.94","f","f","f"
"0025CA0000000F49","2025-11-07 21:18:11","3.21","100","f","f","f"
"0025CA0000000F49","2025-11-07 21:08:07","2.55","99.44","f","f","f"
"0025CA0000000F49","2025-11-07 21:08:00","2.55","99.44","f","f","f"
"0025CA0000000F49","2025-11-07 20:57:50","2.23","94.56","f","f","f"
"0025CA0000000F49","2025-11-07 20:47:40","3.66","100","f","f","f"
"0025CA0000000F49","2025-11-07 20:37:30","3.22","100","f","f","f"
"0025CA0000000F49","2025-11-07 20:27:20","2.63","99.45","f","f","f"
"0025CA0000000F49","2025-11-07 20:17:28","2.26","94.48","f","f","f"
"0025CA0000000F49","2025-11-07 20:17:22","2.26","94.48","f","f","f"
"0025CA0000000F49","2025-11-07 20:17:15","2.26","94.48","f","f","f"
"0025CA0000000F49","2025-11-07 20:17:09","2.26","94.48","f","f","f"
"0025CA0000000F49","2025-11-07 20:06:58","3.23","100","f","f","f"
"0025CA0000000F49","2025-11-07 19:56:49","2.51","99.12","f","f","f"
"0025CA0000000F49","2025-11-07 19:46:44","1.8","90.48","f","f","f"
"0025CA0000000F49","2025-11-07 19:46:38","1.8","90.48","f","f","f"
"0025CA0000000F49","2025-11-07 19:36:39","2.81","99.92","f","f","f"
"0025CA0000000F49","2025-11-07 19:36:33","2.81","99.92","f","f","f"
"0025CA0000000F49","2025-11-07 19:36:26","2.81","99.92","f","f","f"
"0025CA0000000F49","2025-11-07 19:26:16","2.06","95.2","f","f","f"
"0025CA0000000F49","2025-11-07 19:16:06","2.63","90.77","f","f","f"
"0025CA0000000F49","2025-11-07 19:06:14","3.24","99.92","f","f","f"
"0025CA0000000F49","2025-11-07 19:06:08","3.24","99.92","f","f","f"
"0025CA0000000F49","2025-11-07 19:06:02","3.24","99.92","f","f","f"
"0025CA0000000F49","2025-11-07 19:05:55","3.24","99.92","f","f","f"
"0025CA0000000F49","2025-11-07 18:55:51","2.67","95.02","f","f","f"
"0025CA0000000F49","2025-11-07 18:55:44","2.67","95.02","f","f","f"
"0025CA0000000F49","2025-11-07 18:45:34","3.12","99.78","f","f","f"
"0025CA0000000F49","2025-11-07 18:35:30","2.43","96.73","f","f","f"
"0025CA0000000F49","2025-11-07 18:35:23","2.43","96.73","f","f","f"
"0025CA0000000F49","2025-11-07 18:25:13","2.49","90.81","f","f","f"
"0025CA0000000F49","2025-11-07 18:15:03","2.66","98.02","f","f","f"
"0025CA0000000F49","2025-11-07 18:04:58","2.11","92.83","f","f","f"
"0025CA0000000F49","2025-11-07 18:04:42","2.11","92.83","f","f","f"
"0025CA0000000F49","2025-11-07 17:54:32","2.96","93.76","f","f","f"
"0025CA0000000F49","2025-11-07 17:44:28","3.14","98.62","f","f","f"
"0025CA0000000F49","2025-11-07 17:44:14","3.14","98.62","f","f","f"
"0025CA0000000F49","2025-11-07 17:34:04","2.24","94.9","f","f","f"
"0025CA0000000F49","2025-11-07 17:23:59","2.04","85.61","f","f","f"
"0025CA0000000F49","2025-11-07 17:13:54","2.61","93.92","f","f","f"
"0025CA0000000F49","2025-11-07 17:03:43","3.49","95.91","f","f","f"
"0025CA0000000F49","2025-11-07 17:03:38","3.49","95.91","f","f","f"
"0025CA0000000F49","2025-11-07 16:53:38","3.31","96.6","f","f","f"
"0025CA0000000F49","2025-11-07 16:53:32","3.31","96.6","f","f","f"
"0025CA0000000F49","2025-11-07 16:53:26","3.31","96.6","f","f","f"
"0025CA0000000F49","2025-11-07 16:53:19","3.31","96.6","f","f","f"
"0025CA0000000F49","2025-11-07 16:43:09","2.69","93.41","f","f","f"
"0025CA0000000F49","2025-11-07 16:32:59","2.51","84.9","f","f","f"
"0025CA0000000F49","2025-11-07 16:22:49","4.01","93.79","f","f","f"
"0025CA0000000F49","2025-11-07 16:12:38","3.75","92.29","f","f","f"
"0025CA0000000F49","2025-11-07 16:02:47","3.39","86.79","f","f","f"
"0025CA0000000F49","2025-11-07 16:02:41","3.39","86.79","f","f","f"
"0025CA0000000F49","2025-11-07 16:02:28","3.39","86.79","f","f","f"
"0025CA0000000F49","2025-11-07 15:52:18","4.31","70.74","f","f","f"
"0025CA0000000F49","2025-11-07 15:42:07","8.05","66.62","f","f","f"
"0025CA0000000F49","2025-11-07 15:32:16","20.19","38","f","f","f"
"0025CA0000000F49","2025-11-07 15:32:09","20.19","38","f","f","f"
"0025CA0000000F49","2025-11-07 15:32:03","20.19","38","f","f","f"
"0025CA0000000F49","2025-11-07 15:31:56","20.19","38","f","f","f"
"0025CA0000000F49","2025-11-07 15:21:46","24.85","56.79","f","f","f"
"0025CA0000000F49","2025-11-07 15:11:55","23.38","70.09","f","f","f"
"0025CA0000000F49","2025-11-07 15:11:49","23.38","70.09","f","f","f"
"0025CA0000000F49","2025-11-07 15:11:42","23.38","70.09","f","f","f"
"0025CA0000000F49","2025-11-07 15:11:35","23.38","70.09","f","f","f"
"0025CA0000000F49","2025-11-07 15:01:18","22.47","79.16","f","f","f"
"0025CA0000000F49","2025-11-07 14:50:59","19.65","99.56","f","f","f"
"0025CA0000000F49","2025-11-07 14:49:51","18.99","100","f","f","f"
"0025CA0000000F49","2025-11-07 14:48:37","18.22","100","f","f","f"
"0025CA0000000F49","2025-11-06 09:20:51","4.18","100","f","f","f"
"0025CA0000000F49","2025-11-06 09:10:47","2.37","100","f","f","f"
"0025CA0000000F49","2025-11-06 09:01:01","0.09","91.8","f","f","f"
"0025CA0000000F49","2025-11-06 09:00:55","0.09","91.8","f","f","f"
"0025CA0000000F49","2025-11-06 09:00:48","0.09","91.8","f","f","f"
"0025CA0000000F49","2025-11-06 09:00:42","0.09","91.8","f","f","f"
"0025CA0000000F49","2025-11-06 08:50:37","3.53","100","f","f","f"
"0025CA0000000F49","2025-11-06 08:41:17","0.67","100","f","f","f"
"0025CA0000000F49","2025-11-06 08:41:02","0.67","100","f","f","f"
"0025CA0000000F49","2025-11-06 08:40:46","0.67","100","f","f","f"
"0025CA0000000F49","2025-11-06 08:40:39","0.67","100","f","f","f"
"0025CA0000000F49","2025-11-06 08:30:32","2.57","93.98","f","f","f"
"0025CA0000000F49","2025-11-06 08:30:27","2.57","93.98","f","f","f"
"0025CA0000000F49","2025-11-06 08:20:34","4.64","100","f","f","f"
"0025CA0000000F49","2025-11-06 08:20:28","4.64","100","f","f","f"
"0025CA0000000F49","2025-11-06 08:10:36","4.6","100","f","f","f"
"0025CA0000000F49","2025-11-06 08:10:29","4.6","100","f","f","f"
"0025CA0000000F49","2025-11-06 08:10:23","4.6","100","f","f","f"
"0025CA0000000F49","2025-11-06 08:10:16","4.6","100","f","f","f"
"0025CA0000000F49","2025-11-06 08:00:11","0.73","100","f","f","f"
"0025CA0000000F49","2025-11-06 07:50:26","3.74","100","f","f","f"
"0025CA0000000F49","2025-11-06 07:50:19","3.74","100","f","f","f"
"0025CA0000000F49","2025-11-06 07:50:12","3.74","100","f","f","f"
"0025CA0000000F49","2025-11-06 07:50:06","3.74","100","f","f","f"
"0025CA0000000F49","2025-11-06 07:40:13","0.73","100","f","f","f"
"0025CA0000000F49","2025-11-06 07:40:08","0.73","100","f","f","f"
"0025CA0000000F49","2025-11-06 07:40:01","0.73","100","f","f","f"
"0025CA0000000F49","2025-11-06 07:30:02","1.77","99.87","f","f","f"
"0025CA0000000F49","2025-11-06 07:29:56","1.77","99.87","f","f","f"
"0025CA0000000F49","2025-11-06 07:20:10","1.22","100","f","f","f"
"0025CA0000000F49","2025-11-06 07:20:04","1.22","100","f","f","f"
"0025CA0000000F49","2025-11-06 07:19:58","1.22","100","f","f","f"
"0025CA0000000F49","2025-11-06 07:19:51","1.22","100","f","f","f"
"0025CA0000000F49","2025-11-06 07:10:05","2.01","99.22","f","f","f"
"0025CA0000000F49","2025-11-06 07:09:58","2.01","99.22","f","f","f"
"0025CA0000000F49","2025-11-06 07:09:53","2.01","99.22","f","f","f"
"0025CA0000000F49","2025-11-06 07:09:46","2.01","99.22","f","f","f"
"0025CA0000000F49","2025-11-06 07:00:00","3.69","100","f","f","f"
"0025CA0000000F49","2025-11-06 06:59:54","3.69","100","f","f","f"
"0025CA0000000F49","2025-11-06 06:59:48","3.69","100","f","f","f"
"0025CA0000000F49","2025-11-06 06:59:41","3.69","100","f","f","f"
"0025CA0000000F49","2025-11-06 06:49:55","1.66","86.73","f","f","f"
"0025CA0000000F49","2025-11-06 06:49:49","1.66","86.73","f","f","f"
"0025CA0000000F49","2025-11-06 06:49:42","1.66","86.73","f","f","f"
"0025CA0000000F49","2025-11-06 06:49:36","1.66","86.73","f","f","f"
"0025CA0000000F49","2025-11-06 06:39:50","2.31","100","f","f","f"
"0025CA0000000F49","2025-11-06 06:39:44","2.31","100","f","f","f"
"0025CA0000000F49","2025-11-06 06:39:31","2.31","100","f","f","f"
"0025CA0000000F49","2025-11-06 06:29:45","0.33","100","f","f","f"
"0025CA0000000F49","2025-11-06 06:29:39","0.33","100","f","f","f"
"0025CA0000000F49","2025-11-06 06:29:32","0.33","100","f","f","f"
"0025CA0000000F49","2025-11-06 06:19:27","2.86","89.3","f","f","f"
"0025CA0000000F49","2025-11-06 06:19:21","2.86","89.3","f","f","f"
"0025CA0000000F49","2025-11-06 06:09:28","3.01","100","f","f","f"
"0025CA0000000F49","2025-11-06 06:09:22","3.01","100","f","f","f"
"0025CA0000000F49","2025-11-06 06:09:16","3.01","100","f","f","f"
"0025CA0000000F49","2025-11-06 05:59:30","2.37","86.62","f","f","f"
"0025CA0000000F49","2025-11-06 05:59:24","2.37","86.62","f","f","f"
"0025CA0000000F49","2025-11-06 05:59:17","2.37","86.62","f","f","f"
"0025CA0000000F49","2025-11-06 05:59:11","2.37","86.62","f","f","f"
"0025CA0000000F49","2025-11-06 05:49:06","2.13","100","f","f","f"
"0025CA0000000F49","2025-11-06 05:39:01","1.18","81.09","f","f","f"
"0025CA0000000F49","2025-11-06 05:28:56","3.25","100","f","f","f"
"0025CA0000000F49","2025-11-06 05:18:51","0.32","100","f","f","f"
"0025CA0000000F49","2025-11-06 05:08:45","2.95","100","f","f","f"
"0025CA0000000F49","2025-11-06 04:58:40","0.53","83.86","f","f","f"
"0025CA0000000F49","2025-11-06 04:48:48","3.26","100","f","f","f"
"0025CA0000000F49","2025-11-06 04:48:42","3.26","100","f","f","f"
"0025CA0000000F49","2025-11-06 04:48:35","3.26","100","f","f","f"
"0025CA0000000F49","2025-11-06 04:38:30","-0.45","88.7","f","f","f"
"0025CA0000000F49","2025-11-06 04:28:24","4.16","100","f","f","f"
"0025CA0000000F49","2025-11-06 04:18:27","1.38","100","f","f","f"
"0025CA0000000F49","2025-11-06 04:18:20","1.38","100","f","f","f"
"0025CA0000000F49","2025-11-06 04:08:15","1.81","88.87","f","f","f"
"0025CA0000000F49","2025-11-06 03:58:10","3.46","100","f","f","f"
"0025CA0000000F49","2025-11-06 03:48:04","1.28","86.06","f","f","f"
"0025CA0000000F49","2025-11-06 03:38:00","0.8","98.6","f","f","f"
"0025CA0000000F49","2025-11-06 03:27:54","3.02","100","f","f","f"
"0025CA0000000F49","2025-11-06 03:17:56","3.2","100","f","f","f"
"0025CA0000000F49","2025-11-06 03:17:50","3.2","100","f","f","f"
"0025CA0000000F49","2025-11-06 03:07:51","0.63","80.65","f","f","f"
"0025CA0000000F49","2025-11-06 03:07:45","0.63","80.65","f","f","f"
"0025CA0000000F49","2025-11-06 02:57:40","3.53","88.72","f","f","f"
"0025CA0000000F49","2025-11-06 02:47:35","4.16","100","f","f","f"
"0025CA0000000F49","2025-11-06 02:37:49","3.86","100","f","f","f"
"0025CA0000000F49","2025-11-06 02:37:42","3.86","100","f","f","f"
"0025CA0000000F49","2025-11-06 02:37:36","3.86","100","f","f","f"
"0025CA0000000F49","2025-11-06 02:37:29","3.86","100","f","f","f"
"0025CA0000000F49","2025-11-06 02:27:25","3.53","100","f","f","f"
"0025CA0000000F49","2025-11-06 02:17:20","3","100","f","f","f"
"0025CA0000000F49","2025-11-06 02:07:15","1.9","100","f","f","f"
"0025CA0000000F49","2025-11-06 01:57:10","0.16","82.71","f","f","f"
"0025CA0000000F49","2025-11-06 01:47:23","2.31","100","f","f","f"
"0025CA0000000F49","2025-11-06 01:47:17","2.31","100","f","f","f"
"0025CA0000000F49","2025-11-06 01:47:10","2.31","100","f","f","f"
"0025CA0000000F49","2025-11-06 01:47:04","2.31","100","f","f","f"
"0025CA0000000F49","2025-11-06 01:36:59","3.92","100","f","f","f"
"0025CA0000000F49","2025-11-06 01:26:54","4.06","100","f","f","f"
"0025CA0000000F49","2025-11-06 01:16:49","3.71","100","f","f","f"
"0025CA0000000F49","2025-11-06 01:06:44","3.15","100","f","f","f"
"0025CA0000000F49","2025-11-06 00:56:39","1.91","100","f","f","f"
"0025CA0000000F49","2025-11-06 00:46:41","3.79","96.35","f","f","f"
"0025CA0000000F49","2025-11-06 00:46:34","3.79","96.35","f","f","f"
"0025CA0000000F49","2025-11-06 00:36:29","4.14","100","f","f","f"
"0025CA0000000F49","2025-11-06 00:26:24","3.88","100","f","f","f"
"0025CA0000000F49","2025-11-06 00:16:19","3.5","100","f","f","f"
"0025CA0000000F49","2025-11-06 00:06:14","2.99","100","f","f","f"
"0025CA0000000F49","2025-11-05 23:56:09","1.93","100","f","f","f"
"0025CA0000000F49","2025-11-05 23:46:04","0.57","79.69","f","f","f"
"0025CA0000000F49","2025-11-05 23:36:18","2.77","100","f","f","f"
"0025CA0000000F49","2025-11-05 23:36:11","2.77","100","f","f","f"
"0025CA0000000F49","2025-11-05 23:36:04","2.77","100","f","f","f"
"0025CA0000000F49","2025-11-05 23:35:58","2.77","100","f","f","f"
"0025CA0000000F49","2025-11-05 23:25:54","1.39","100","f","f","f"
"0025CA0000000F49","2025-11-05 23:15:49","4.29","100","f","f","f"
"0025CA0000000F49","2025-11-05 23:05:44","4.04","100","f","f","f"
"0025CA0000000F49","2025-11-05 22:55:39","3.71","100","f","f","f"
"0025CA0000000F49","2025-11-05 22:45:33","3.19","100","f","f","f"
"0025CA0000000F49","2025-11-05 22:35:29","2.09","100","f","f","f"
"0025CA0000000F49","2025-11-05 22:25:23","2.43","81.64","f","f","f"
"0025CA0000000F49","2025-11-05 22:15:18","4.13","100","f","f","f"
"0025CA0000000F49","2025-11-05 22:05:13","3.89","100","f","f","f"
"0025CA0000000F49","2025-11-05 21:55:08","3.53","100","f","f","f"
"0025CA0000000F49","2025-11-05 21:45:03","2.1","100","f","f","f"
"0025CA0000000F49","2025-11-05 21:34:58","2.78","84.49","f","f","f"
"0025CA0000000F49","2025-11-05 21:24:53","3.83","100","f","f","f"
"0025CA0000000F49","2025-11-05 21:14:48","3.28","100","f","f","f"
"0025CA0000000F49","2025-11-05 21:04:43","2.16","100","f","f","f"
"0025CA0000000F49","2025-11-05 20:54:38","2.16","80.06","f","f","f"
"0025CA0000000F49","2025-11-05 20:44:33","3.9","100","f","f","f"
"0025CA0000000F49","2025-11-05 20:34:28","3.42","100","f","f","f"
"0025CA0000000F49","2025-11-05 20:24:23","2.26","100","f","f","f"
"0025CA0000000F49","2025-11-05 20:14:36","2.06","82.1","f","f","f"
"0025CA0000000F49","2025-11-05 20:14:31","2.06","82.1","f","f","f"
"0025CA0000000F49","2025-11-05 20:14:24","2.06","82.1","f","f","f"
"0025CA0000000F49","2025-11-05 20:14:18","2.06","82.1","f","f","f"
"0025CA0000000F49","2025-11-05 20:04:13","4.17","100","f","f","f"
"0025CA0000000F49","2025-11-05 19:54:08","3.77","100","f","f","f"
"0025CA0000000F49","2025-11-05 19:44:03","3.28","100","f","f","f"
"0025CA0000000F49","2025-11-05 19:33:58","0.97","100","f","f","f"
"0025CA0000000F49","2025-11-05 19:24:05","3.8","100","f","f","f"
"0025CA0000000F49","2025-11-05 19:23:58","3.8","100","f","f","f"
"0025CA0000000F49","2025-11-05 19:23:52","3.8","100","f","f","f"
"0025CA0000000F49","2025-11-05 19:14:07","3.48","100","f","f","f"
"0025CA0000000F49","2025-11-05 19:14:00","3.48","100","f","f","f"
"0025CA0000000F49","2025-11-05 19:13:54","3.48","100","f","f","f"
"0025CA0000000F49","2025-11-05 19:13:48","3.48","100","f","f","f"
"0025CA0000000F49","2025-11-05 19:03:49","2.04","100","f","f","f"
"0025CA0000000F49","2025-11-05 19:03:43","2.04","100","f","f","f"
"0025CA0000000F49","2025-11-05 18:53:37","3.01","98.56","f","f","f"
"0025CA0000000F49","2025-11-05 18:43:32","2.64","100","f","f","f"
"0025CA0000000F49","2025-11-05 18:33:34","1.01","100","f","f","f"
"0025CA0000000F49","2025-11-05 18:33:27","1.01","100","f","f","f"
"0025CA0000000F49","2025-11-05 18:23:22","2.2","98.51","f","f","f"
"0025CA0000000F49","2025-11-05 18:13:30","3.81","100","f","f","f"
"0025CA0000000F49","2025-11-05 18:13:24","3.81","100","f","f","f"
"0025CA0000000F49","2025-11-05 18:13:17","3.81","100","f","f","f"
"0025CA0000000F49","2025-11-05 18:03:31","0.26","89.54","f","f","f"
"0025CA0000000F49","2025-11-05 18:03:24","0.26","89.54","f","f","f"
"0025CA0000000F49","2025-11-05 18:03:19","0.26","89.54","f","f","f"
"0025CA0000000F49","2025-11-05 18:03:12","0.26","89.54","f","f","f"
"0025CA0000000F49","2025-11-05 17:53:26","4.31","100","f","f","f"
"0025CA0000000F49","2025-11-05 17:53:20","4.31","100","f","f","f"
"0025CA0000000F49","2025-11-05 17:53:14","4.31","100","f","f","f"
"0025CA0000000F49","2025-11-05 17:53:07","4.31","100","f","f","f"
"0025CA0000000F49","2025-11-05 17:43:22","4.18","100","f","f","f"
"0025CA0000000F49","2025-11-05 17:43:14","4.18","100","f","f","f"
"0025CA0000000F49","2025-11-05 17:43:09","4.18","100","f","f","f"
"0025CA0000000F49","2025-11-05 17:32:57","2.91","100","f","f","f"
"0025CA0000000F49","2025-11-05 17:22:58","-0.47","99.76","f","f","f"
"0025CA0000000F49","2025-11-05 17:22:51","-0.47","99.76","f","f","f"
"0025CA0000000F49","2025-11-05 17:12:59","2.97","100","f","f","f"
"0025CA0000000F49","2025-11-05 17:12:53","2.97","100","f","f","f"
"0025CA0000000F49","2025-11-05 17:12:47","2.97","100","f","f","f"
"0025CA0000000F49","2025-11-05 17:02:41","0.7","99.8","f","f","f"
"0025CA0000000F49","2025-11-05 16:52:55","4.28","100","f","f","f"
"0025CA0000000F49","2025-11-05 16:52:50","4.28","100","f","f","f"
"0025CA0000000F49","2025-11-05 16:52:43","4.28","100","f","f","f"
"0025CA0000000F49","2025-11-05 16:52:37","4.28","100","f","f","f"
"0025CA0000000F49","2025-11-05 16:42:32","3.86","100","f","f","f"
"0025CA0000000F49","2025-11-05 16:32:27","3.06","100","f","f","f"
"0025CA0000000F49","2025-11-05 16:22:21","0.88","100","f","f","f"
"0025CA0000000F49","2025-11-05 16:12:17","4.1","100","f","f","f"
"0025CA0000000F49","2025-11-05 16:02:12","3.98","100","f","f","f"
"0025CA0000000F49","2025-11-05 15:52:07","3.52","100","f","f","f"
"0025CA0000000F49","2025-11-05 15:42:02","1.04","100","f","f","f"
"0025CA0000000F49","2025-11-05 15:31:56","4.36","100","f","f","f"
"0025CA0000000F49","2025-11-05 15:21:51","2.46","100","f","f","f"
"0025CA0000000F49","2025-11-05 15:11:45","0.36","100","f","f","f"
"0025CA0000000F49","2025-11-05 15:01:41","4.18","100","f","f","f"
"0025CA0000000F49","2025-11-05 14:51:36","3","100","f","f","f"
"0025CA0000000F49","2025-11-05 14:41:31","1.42","100","f","f","f"
"0025CA0000000F49","2025-11-05 14:31:26","0.81","77.43","f","f","f"
"0025CA0000000F49","2025-11-05 14:21:21","4.09","100","f","f","f"
"0025CA0000000F49","2025-11-05 14:11:16","2.71","100","f","f","f"
"0025CA0000000F49","2025-11-05 14:01:11","-0.25","80.3","f","f","f"
"0025CA0000000F49","2025-11-05 13:51:06","3.85","100","f","f","f"
"0025CA0000000F49","2025-11-05 13:41:00","0.45","100","f","f","f"
"0025CA0000000F49","2025-11-05 13:30:55","1.12","89.97","f","f","f"
"0025CA0000000F49","2025-11-05 13:20:50","4.11","100","f","f","f"
"0025CA0000000F49","2025-11-05 13:10:46","1.9","100","f","f","f"
"0025CA0000000F49","2025-11-05 13:00:41","0.33","80.4","f","f","f"
"0025CA0000000F49","2025-11-05 12:50:36","6.38","100","f","f","f"
"0025CA0000000F49","2025-11-05 12:40:31","1.66","100","f","f","f"
"0025CA0000000F49","2025-11-05 12:30:32","-0.31","83.78","f","f","f"
"0025CA0000000F49","2025-11-05 12:30:26","-0.31","83.78","f","f","f"
"0025CA0000000F49","2025-11-05 12:20:21","2.73","100","f","f","f"
"0025CA0000000F49","2025-11-05 12:11:06","2.23","100","f","f","f"
"0025CA0000000F49","2025-11-05 12:10:51","2.23","100","f","f","f"
"0025CA0000000F49","2025-11-05 12:10:29","2.23","100","f","f","f"
"0025CA0000000F49","2025-11-05 12:10:15","2.23","100","f","f","f"
"0025CA0000000F49","2025-11-05 12:00:10","1.98","98.86","f","f","f"
"0025CA0000000F49","2025-11-05 11:50:12","2.84","100","f","f","f"
"0025CA0000000F49","2025-11-05 11:50:05","2.84","100","f","f","f"
"0025CA0000000F49","2025-11-05 11:40:19","-0.04","78.26","f","f","f"
"0025CA0000000F49","2025-11-05 11:40:13","-0.04","78.26","f","f","f"
"0025CA0000000F49","2025-11-05 11:40:06","-0.04","78.26","f","f","f"
"0025CA0000000F49","2025-11-05 11:30:07","3.38","100","f","f","f"
"0025CA0000000F49","2025-11-05 11:29:55","3.38","100","f","f","f"
"0025CA0000000F49","2025-11-05 11:20:09","0.27","100","f","f","f"
"0025CA0000000F49","2025-11-05 11:20:02","0.27","100","f","f","f"
"0025CA0000000F49","2025-11-05 11:19:57","0.27","100","f","f","f"
"0025CA0000000F49","2025-11-05 11:19:50","0.27","100","f","f","f"
"0025CA0000000F49","2025-11-05 11:09:45","4.33","100","f","f","f"
"0025CA0000000F49","2025-11-05 11:00:26","1.02","100","f","f","f"
"0025CA0000000F49","2025-11-05 11:00:10","1.02","100","f","f","f"
"0025CA0000000F49","2025-11-05 10:59:56","1.02","100","f","f","f"
"0025CA0000000F49","2025-11-05 10:59:40","1.02","100","f","f","f"
"0025CA0000000F49","2025-11-05 10:50:18","0.02","82.94","f","f","f"
"0025CA0000000F49","2025-11-05 10:50:03","0.02","82.94","f","f","f"
"0025CA0000000F49","2025-11-05 10:49:57","0.02","82.94","f","f","f"
"0025CA0000000F49","2025-11-05 10:49:35","0.02","82.94","f","f","f"
"0025CA0000000F49","2025-11-05 10:40:13","4.71","100","f","f","f"
"0025CA0000000F49","2025-11-05 10:39:59","4.71","100","f","f","f"
"0025CA0000000F49","2025-11-05 10:39:44","4.71","100","f","f","f"
"0025CA0000000F49","2025-11-05 10:39:30","4.71","100","f","f","f"
"0025CA0000000F49","2025-11-05 10:29:25","2.01","100","f","f","f"
"0025CA0000000F49","2025-11-05 10:19:35","3.55","100","f","f","f"
"0025CA0000000F49","2025-11-05 10:09:21","3.49","100","f","f","f"
"0025CA0000000F49","2025-11-05 09:59:10","1.72","100","f","f","f"
"0025CA0000000F49","2025-11-05 09:49:05","1.09","88.85","f","f","f"
"0025CA0000000F49","2025-11-05 09:39:19","2.59","100","f","f","f"
"0025CA0000000F49","2025-11-05 09:39:13","2.59","100","f","f","f"
"0025CA0000000F49","2025-11-05 09:39:06","2.59","100","f","f","f"
"0025CA0000000F49","2025-11-05 09:39:00","2.59","100","f","f","f"
"0025CA0000000F49","2025-11-05 09:29:14","1.1","92.2","f","f","f"
"0025CA0000000F49","2025-11-05 09:29:01","1.1","92.2","f","f","f"
"0025CA0000000F49","2025-11-05 09:19:09","3.3","100","f","f","f"
"0025CA0000000F49","2025-11-05 09:19:02","3.3","100","f","f","f"
"0025CA0000000F49","2025-11-05 09:18:56","3.3","100","f","f","f"
"0025CA0000000F49","2025-11-05 09:18:50","3.3","100","f","f","f"
"0025CA0000000F49","2025-11-05 09:08:44","-0.14","91.36","f","f","f"
"0025CA0000000F49","2025-11-05 08:58:39","3.9","100","f","f","f"
"0025CA0000000F49","2025-11-05 08:48:53","0.59","100","f","f","f"
"0025CA0000000F49","2025-11-05 08:48:47","0.59","100","f","f","f"
"0025CA0000000F49","2025-11-05 08:48:41","0.59","100","f","f","f"
"0025CA0000000F49","2025-11-05 08:48:34","0.59","100","f","f","f"
"0025CA0000000F49","2025-11-05 08:38:41","1.16","83.74","f","f","f"
"0025CA0000000F49","2025-11-05 08:38:36","1.16","83.74","f","f","f"
"0025CA0000000F49","2025-11-05 08:38:29","1.16","83.74","f","f","f"
"0025CA0000000F49","2025-11-05 08:28:31","5.35","100","f","f","f"
"0025CA0000000F49","2025-11-05 08:28:24","5.35","100","f","f","f"
"0025CA0000000F49","2025-11-05 08:18:19","-0.65","91.32","f","f","f"
"0025CA0000000F49","2025-11-05 08:08:14","4.17","100","f","f","f"
"0025CA0000000F49","2025-11-05 07:58:09","1.52","100","f","f","f"
"0025CA0000000F49","2025-11-05 07:48:04","2.04","97.85","f","f","f"
"0025CA0000000F49","2025-11-05 07:37:58","2.33","100","f","f","f"
"0025CA0000000F49","2025-11-05 07:28:09","1.39","97.03","f","f","f"
"0025CA0000000F49","2025-11-05 07:27:54","1.39","97.03","f","f","f"
"0025CA0000000F49","2025-11-05 07:18:04","1.96","100","f","f","f"
"0025CA0000000F49","2025-11-05 07:17:49","1.96","100","f","f","f"
"0025CA0000000F49","2025-11-05 07:07:56","-0.44","82.4","f","f","f"
"0025CA0000000F49","2025-11-05 06:57:51","3.53","100","f","f","f"
"0025CA0000000F49","2025-11-05 06:57:45","3.53","100","f","f","f"
"0025CA0000000F49","2025-11-05 06:57:39","3.53","100","f","f","f"
"0025CA0000000F49","2025-11-05 06:47:52","2.36","100","f","f","f"
"0025CA0000000F49","2025-11-05 06:47:47","2.36","100","f","f","f"
"0025CA0000000F49","2025-11-05 06:47:40","2.36","100","f","f","f"
"0025CA0000000F49","2025-11-05 06:47:34","2.36","100","f","f","f"
"0025CA0000000F49","2025-11-05 06:37:48","0.46","100","f","f","f"
"0025CA0000000F49","2025-11-05 06:37:35","0.46","100","f","f","f"
"0025CA0000000F49","2025-11-05 06:37:29","0.46","100","f","f","f"
"0025CA0000000F49","2025-11-05 06:27:43","0.16","83.24","f","f","f"
"0025CA0000000F49","2025-11-05 06:27:36","0.16","83.24","f","f","f"
"0025CA0000000F49","2025-11-05 06:27:30","0.16","83.24","f","f","f"
"0025CA0000000F49","2025-11-05 06:27:24","0.16","83.24","f","f","f"
"0025CA0000000F49","2025-11-05 06:17:38","3.54","100","f","f","f"
"0025CA0000000F49","2025-11-05 06:17:31","3.54","100","f","f","f"
"0025CA0000000F49","2025-11-05 06:17:25","3.54","100","f","f","f"
"0025CA0000000F49","2025-11-05 06:17:19","3.54","100","f","f","f"
"0025CA0000000F49","2025-11-05 06:07:14","2.7","100","f","f","f"
"0025CA0000000F49","2025-11-05 05:57:09","-0.12","100","f","f","f"
"0025CA0000000F49","2025-11-05 05:47:15","1.92","96.45","f","f","f"
"0025CA0000000F49","2025-11-05 05:47:10","1.92","96.45","f","f","f"
"0025CA0000000F49","2025-11-05 05:47:04","1.92","96.45","f","f","f"
"0025CA0000000F49","2025-11-05 05:36:58","2.01","100","f","f","f"
"0025CA0000000F49","2025-11-05 05:27:13","0.47","100","f","f","f"
"0025CA0000000F49","2025-11-05 05:27:05","0.47","100","f","f","f"
"0025CA0000000F49","2025-11-05 05:26:53","0.47","100","f","f","f"
"0025CA0000000F49","2025-11-05 05:17:07","2.46","100","f","f","f"
"0025CA0000000F49","2025-11-05 05:17:00","2.46","100","f","f","f"
"0025CA0000000F49","2025-11-05 05:16:54","2.46","100","f","f","f"
"0025CA0000000F49","2025-11-05 05:16:47","2.46","100","f","f","f"
"0025CA0000000F49","2025-11-05 05:06:43","3.08","100","f","f","f"
"0025CA0000000F49","2025-11-05 04:56:38","0.55","80.83","f","f","f"
"0025CA0000000F49","2025-11-05 04:46:32","1.59","87.42","f","f","f"
"0025CA0000000F49","2025-11-05 04:36:28","3.66","100","f","f","f"
"0025CA0000000F49","2025-11-05 04:26:23","0.65","100","f","f","f"
"0025CA0000000F49","2025-11-05 04:16:18","1.26","87.13","f","f","f"
"0025CA0000000F49","2025-11-05 04:06:13","3.96","100","f","f","f"
"0025CA0000000F49","2025-11-05 03:56:08","1.49","100","f","f","f"
"0025CA0000000F49","2025-11-05 03:46:03","-0.35","89.56","f","f","f"
"0025CA0000000F49","2025-11-05 03:35:58","2.95","96.43","f","f","f"
"0025CA0000000F49","2025-11-05 03:25:53","3.28","100","f","f","f"
"0025CA0000000F49","2025-11-05 03:15:48","2.32","100","f","f","f"
"0025CA0000000F49","2025-11-05 03:05:49","-0.06","91","f","f","f"
"0025CA0000000F49","2025-11-05 02:55:50","3.81","97.05","f","f","f"
"0025CA0000000F49","2025-11-05 02:45:32","3.6","100","f","f","f"
"0025CA0000000F49","2025-11-05 02:35:27","3.15","100","f","f","f"
"0025CA0000000F49","2025-11-05 02:25:23","2.4","100","f","f","f"
"0025CA0000000F49","2025-11-05 02:15:36","0.75","100","f","f","f"
"0025CA0000000F49","2025-11-05 02:15:29","0.75","100","f","f","f"
"0025CA0000000F49","2025-11-05 02:15:23","0.75","100","f","f","f"
"0025CA0000000F49","2025-11-05 02:15:17","0.75","100","f","f","f"
"0025CA0000000F49","2025-11-05 02:05:12","1.21","76.39","f","f","f"
"0025CA0000000F49","2025-11-05 01:55:07","2.26","100","f","f","f"
"0025CA0000000F49","2025-11-05 01:45:02","4.1","100","f","f","f"
"0025CA0000000F49","2025-11-05 01:34:57","3.79","100","f","f","f"
"0025CA0000000F49","2025-11-05 01:24:52","3.4","100","f","f","f"
"0025CA0000000F49","2025-11-05 01:14:47","2.78","100","f","f","f"
"0025CA0000000F49","2025-11-05 01:04:42","1.36","100","f","f","f"
"0025CA0000000F49","2025-11-05 00:54:37","1.81","77.71","f","f","f"
"0025CA0000000F49","2025-11-05 00:44:32","3.94","100","f","f","f"
"0025CA0000000F49","2025-11-05 00:34:27","3.61","100","f","f","f"
"0025CA0000000F49","2025-11-05 00:24:22","3.18","100","f","f","f"
"0025CA0000000F49","2025-11-05 00:14:17","2.49","100","f","f","f"
"0025CA0000000F49","2025-11-05 00:04:12","1.14","100","f","f","f"
"0025CA0000000F49","2025-11-04 23:54:07","-0.47","71","f","f","f"
"0025CA0000000F49","2025-11-04 23:44:02","1.78","100","f","f","f"
"0025CA0000000F49","2025-11-04 23:33:57","1.61","76.24","f","f","f"
"0025CA0000000F49","2025-11-04 23:23:52","4.01","100","f","f","f"
"0025CA0000000F49","2025-11-04 23:13:46","3.64","100","f","f","f"
"0025CA0000000F49","2025-11-04 23:03:41","3.12","100","f","f","f"
"0025CA0000000F49","2025-11-04 22:53:36","2.18","100","f","f","f"
"0025CA0000000F49","2025-11-04 22:43:32","0.29","97.16","f","f","f"
"0025CA0000000F49","2025-11-04 22:33:26","4.07","100","f","f","f"
"0025CA0000000F49","2025-11-04 22:24:07","3.79","100","f","f","f"
"0025CA0000000F49","2025-11-04 22:23:44","3.79","100","f","f","f"
"0025CA0000000F49","2025-11-04 22:23:21","3.79","100","f","f","f"
"0025CA0000000F49","2025-11-04 22:13:16","3.36","100","f","f","f"
"0025CA0000000F49","2025-11-04 22:03:11","2.77","100","f","f","f"
"0025CA0000000F49","2025-11-04 21:53:06","1.47","100","f","f","f"
"0025CA0000000F49","2025-11-04 21:43:01","0.14","78.43","f","f","f"
"0025CA0000000F49","2025-11-04 21:32:56","3.75","100","f","f","f"
"0025CA0000000F49","2025-11-04 21:23:15","3.21","100","f","f","f"
"0025CA0000000F49","2025-11-04 21:23:09","3.21","100","f","f","f"
"0025CA0000000F49","2025-11-04 21:14:13","1.48","100","f","f","f"
"0025CA0000000F49","2025-11-04 21:13:50","1.48","100","f","f","f"
"0025CA0000000F49","2025-11-04 21:13:18","1.48","100","f","f","f"
"0025CA0000000F49","2025-11-04 21:02:57","2.16","79.24","f","f","f"
"0025CA0000000F49","2025-11-04 20:53:44","3.85","100","f","f","f"
"0025CA0000000F49","2025-11-04 20:53:30","3.85","100","f","f","f"
"0025CA0000000F49","2025-11-04 20:52:59","3.85","100","f","f","f"
"0025CA0000000F49","2025-11-04 20:52:36","3.85","100","f","f","f"
"0025CA0000000F49","2025-11-04 20:43:36","3.42","100","f","f","f"
"0025CA0000000F49","2025-11-04 20:43:30","3.42","100","f","f","f"
"0025CA0000000F49","2025-11-04 20:42:31","3.42","100","f","f","f"
"0025CA0000000F49","2025-11-04 20:33:35","2.69","100","f","f","f"
"0025CA0000000F49","2025-11-04 20:33:12","2.69","100","f","f","f"
"0025CA0000000F49","2025-11-04 20:32:57","2.69","100","f","f","f"
"0025CA0000000F49","2025-11-04 20:32:42","2.69","100","f","f","f"
"0025CA0000000F49","2025-11-04 20:23:27","1.08","100","f","f","f"
"0025CA0000000F49","2025-11-04 20:23:07","1.08","100","f","f","f"
"0025CA0000000F49","2025-11-04 20:22:43","1.08","100","f","f","f"
"0025CA0000000F49","2025-11-04 20:22:29","1.08","100","f","f","f"
"0025CA0000000F49","2025-11-04 20:13:24","2.72","91.08","f","f","f"
"0025CA0000000F49","2025-11-04 20:13:01","2.72","91.08","f","f","f"
"0025CA0000000F49","2025-11-04 20:12:38","2.72","91.08","f","f","f"
"0025CA0000000F49","2025-11-04 20:12:16","2.72","91.08","f","f","f"
"0025CA0000000F49","2025-11-04 20:03:29","3.97","100","f","f","f"
"0025CA0000000F49","2025-11-04 20:03:05","3.97","100","f","f","f"
"0025CA0000000F49","2025-11-04 20:02:19","3.97","100","f","f","f"
"0025CA0000000F49","2025-11-04 19:53:25","3.2","100","f","f","f"
"0025CA0000000F49","2025-11-04 19:53:11","3.2","100","f","f","f"
"0025CA0000000F49","2025-11-04 19:52:30","3.2","100","f","f","f"
"0025CA0000000F49","2025-11-04 19:52:15","3.2","100","f","f","f"
"0025CA0000000F49","2025-11-04 19:42:46","0.99","100","f","f","f"
"0025CA0000000F49","2025-11-04 19:42:08","0.99","100","f","f","f"
"0025CA0000000F49","2025-11-04 19:31:55","0.6","76.79","f","f","f"
"0025CA0000000F49","2025-11-04 19:23:16","2.55","100","f","f","f"
"0025CA0000000F49","2025-11-04 19:22:36","2.55","100","f","f","f"
"0025CA0000000F49","2025-11-04 19:22:13","2.55","100","f","f","f"
"0025CA0000000F49","2025-11-04 19:21:50","2.55","100","f","f","f"
"0025CA0000000F49","2025-11-04 19:11:45","0.44","97.12","f","f","f"
"0025CA0000000F49","2025-11-04 19:02:35","4.34","100","f","f","f"
"0025CA0000000F49","2025-11-04 19:02:04","4.34","100","f","f","f"
"0025CA0000000F49","2025-11-04 18:52:45","1.8","100","f","f","f"
"0025CA0000000F49","2025-11-04 18:52:20","1.8","100","f","f","f"
"0025CA0000000F49","2025-11-04 18:51:58","1.8","100","f","f","f"
"0025CA0000000F49","2025-11-04 18:51:34","1.8","100","f","f","f"
"0025CA0000000F49","2025-11-04 18:42:47","2.27","88.19","f","f","f"
"0025CA0000000F49","2025-11-04 18:42:15","2.27","88.19","f","f","f"
"0025CA0000000F49","2025-11-04 18:42:08","2.27","88.19","f","f","f"
"0025CA0000000F49","2025-11-04 18:31:46","3.08","100","f","f","f"
"0025CA0000000F49","2025-11-04 18:31:33","3.08","100","f","f","f"
"0025CA0000000F49","2025-11-04 18:21:20","0.91","100","f","f","f"
"0025CA0000000F49","2025-11-04 18:11:34","2.23","76.94","f","f","f"
"0025CA0000000F49","2025-11-04 18:11:27","2.23","76.94","f","f","f"
"0025CA0000000F49","2025-11-04 18:11:21","2.23","76.94","f","f","f"
"0025CA0000000F49","2025-11-04 18:11:15","2.23","76.94","f","f","f"
"0025CA0000000F49","2025-11-04 18:01:28","3.87","100","f","f","f"
"0025CA0000000F49","2025-11-04 18:01:23","3.87","100","f","f","f"
"0025CA0000000F49","2025-11-04 18:01:16","3.87","100","f","f","f"
"0025CA0000000F49","2025-11-04 18:01:10","3.87","100","f","f","f"
"0025CA0000000F49","2025-11-04 17:51:24","3.37","100","f","f","f"
"0025CA0000000F49","2025-11-04 17:51:17","3.37","100","f","f","f"
"0025CA0000000F49","2025-11-04 17:51:11","3.37","100","f","f","f"
"0025CA0000000F49","2025-11-04 17:51:05","3.37","100","f","f","f"
"0025CA0000000F49","2025-11-04 17:41:13","2.56","100","f","f","f"
"0025CA0000000F49","2025-11-04 17:41:06","2.56","100","f","f","f"
"0025CA0000000F49","2025-11-04 17:41:00","2.56","100","f","f","f"
"0025CA0000000F49","2025-11-04 17:30:55","0.91","100","f","f","f"
"0025CA0000000F49","2025-11-04 17:11:04","3.96","100","f","f","f"
"0025CA0000000F49","2025-11-04 17:10:51","3.96","100","f","f","f"
"0025CA0000000F49","2025-11-04 17:10:44","3.96","100","f","f","f"
"0025CA0000000F49","2025-11-04 17:00:58","2.25","100","f","f","f"
"0025CA0000000F49","2025-11-04 17:00:52","2.25","100","f","f","f"
"0025CA0000000F49","2025-11-04 17:00:46","2.25","100","f","f","f"
"0025CA0000000F49","2025-11-04 17:00:39","2.25","100","f","f","f"
"0025CA0000000F49","2025-11-04 16:50:35","2.46","84.81","f","f","f"
"0025CA0000000F49","2025-11-04 16:40:30","4.1","100","f","f","f"
"0025CA0000000F49","2025-11-04 16:30:24","3.11","100","f","f","f"
"0025CA0000000F49","2025-11-04 16:20:19","1.72","100","f","f","f"
"0025CA0000000F49","2025-11-04 16:10:42","0.75","72.16","f","f","f"
"0025CA0000000F49","2025-11-04 16:10:29","0.75","72.16","f","f","f"
"0025CA0000000F49","2025-11-04 16:10:14","0.75","72.16","f","f","f"
"0025CA0000000F49","2025-11-04 16:00:08","3.85","100","f","f","f"
"0025CA0000000F49","2025-11-04 15:50:04","2.69","100","f","f","f"
"0025CA0000000F49","2025-11-04 15:39:59","1.7","98.07","f","f","f"
"0025CA0000000F49","2025-11-04 15:29:53","3.83","100","f","f","f"
"0025CA0000000F49","2025-11-04 15:19:49","0.95","100","f","f","f"
"0025CA0000000F49","2025-11-04 15:09:44","1.75","81.23","f","f","f"
"0025CA0000000F49","2025-11-04 14:59:38","1.98","100","f","f","f"
"0025CA0000000F49","2025-11-04 14:49:53","0.27","74.76","f","f","f"
"0025CA0000000F49","2025-11-04 14:49:40","0.27","74.76","f","f","f"
"0025CA0000000F49","2025-11-04 14:49:34","0.27","74.76","f","f","f"
"0025CA0000000F49","2025-11-04 14:39:29","4.08","100","f","f","f"
"0025CA0000000F49","2025-11-04 14:29:36","3.06","100","f","f","f"
"0025CA0000000F49","2025-11-04 14:19:19","0.71","100","f","f","f"
"0025CA0000000F49","2025-11-04 14:09:19","2.02","91.87","f","f","f"
"0025CA0000000F49","2025-11-04 14:09:13","2.02","91.87","f","f","f"
"0025CA0000000F49","2025-11-04 13:59:09","2.94","100","f","f","f"
"0025CA0000000F49","2025-11-04 13:49:03","1.39","87.03","f","f","f"
"0025CA0000000F49","2025-11-04 13:39:13","1.94","100","f","f","f"
"0025CA0000000F49","2025-11-04 13:38:59","1.94","100","f","f","f"
"0025CA0000000F49","2025-11-04 13:29:37","1.81","90.07","f","f","f"
"0025CA0000000F49","2025-11-04 13:29:23","1.81","90.07","f","f","f"
"0025CA0000000F49","2025-11-04 13:29:17","1.81","90.07","f","f","f"
"0025CA0000000F49","2025-11-04 13:28:54","1.81","90.07","f","f","f"
"0025CA0000000F49","2025-11-04 13:19:31","3.21","100","f","f","f"
"0025CA0000000F49","2025-11-04 13:19:17","3.21","100","f","f","f"
"0025CA0000000F49","2025-11-04 13:19:03","3.21","100","f","f","f"
"0025CA0000000F49","2025-11-04 13:18:49","3.21","100","f","f","f"
"0025CA0000000F49","2025-11-04 13:08:43","0.16","83.03","f","f","f"
"0025CA0000000F49","2025-11-04 12:58:44","3.49","88.85","f","f","f"
"0025CA0000000F49","2025-11-04 12:58:38","3.49","88.85","f","f","f"
"0025CA0000000F49","2025-11-04 12:48:40","2.63","100","f","f","f"
"0025CA0000000F49","2025-11-04 12:38:48","3.42","100","f","f","f"
"0025CA0000000F49","2025-11-04 12:38:40","3.42","100","f","f","f"
"0025CA0000000F49","2025-11-04 12:38:35","3.42","100","f","f","f"
"0025CA0000000F49","2025-11-04 12:38:29","3.42","100","f","f","f"
"0025CA0000000F49","2025-11-04 12:28:23","1.78","100","f","f","f"
"0025CA0000000F49","2025-11-04 12:18:18","0.91","81.82","f","f","f"
"0025CA0000000F49","2025-11-04 12:08:43","4.19","100","f","f","f"
"0025CA0000000F49","2025-11-04 12:08:36","4.19","100","f","f","f"
"0025CA0000000F49","2025-11-04 12:08:13","4.19","100","f","f","f"
"0025CA0000000F49","2025-11-04 11:58:08","2.46","100","f","f","f"
"0025CA0000000F49","2025-11-04 11:48:03","1.1","80.34","f","f","f"
"0025CA0000000F49","2025-11-04 11:37:57","4.24","100","f","f","f"
"0025CA0000000F49","2025-11-04 11:29:02","0.55","100","f","f","f"
"0025CA0000000F49","2025-11-04 11:28:38","0.55","100","f","f","f"
"0025CA0000000F49","2025-11-04 11:28:16","0.55","100","f","f","f"
"0025CA0000000F49","2025-11-04 11:27:53","0.55","100","f","f","f"
"0025CA0000000F49","2025-11-04 11:18:03","2.02","89.58","f","f","f"
"0025CA0000000F49","2025-11-04 11:17:48","2.02","89.58","f","f","f"
"0025CA0000000F49","2025-11-04 11:07:51","3.47","100","f","f","f"
"0025CA0000000F49","2025-11-04 10:58:01","1.13","100","f","f","f"
"0025CA0000000F49","2025-11-04 10:57:38","1.13","100","f","f","f"
"0025CA0000000F49","2025-11-04 10:47:47","1.83","77.47","f","f","f"
"0025CA0000000F49","2025-11-04 10:47:33","1.83","77.47","f","f","f"
"0025CA0000000F49","2025-11-04 10:37:47","3.73","100","f","f","f"
"0025CA0000000F49","2025-11-04 10:37:40","3.73","100","f","f","f"
"0025CA0000000F49","2025-11-04 10:37:33","3.73","100","f","f","f"
"0025CA0000000F49","2025-11-04 10:37:28","3.73","100","f","f","f"
"0025CA0000000F49","2025-11-04 10:27:41","4.48","100","f","f","f"
"0025CA0000000F49","2025-11-04 10:27:36","4.48","100","f","f","f"
"0025CA0000000F49","2025-11-04 10:27:23","4.48","100","f","f","f"
"0025CA0000000F49","2025-11-04 10:17:30","3.39","100","f","f","f"
"0025CA0000000F49","2025-11-04 10:17:24","3.39","100","f","f","f"
"0025CA0000000F49","2025-11-04 10:07:28","-0.22","91.53","f","f","f"
"0025CA0000000F49","2025-11-04 10:07:12","-0.22","91.53","f","f","f"
"0025CA0000000F49","2025-11-04 09:57:08","4.87","100","f","f","f"
"0025CA0000000F49","2025-11-04 09:47:02","1.86","100","f","f","f"
"0025CA0000000F49","2025-11-04 09:36:57","-0.28","84.14","f","f","f"
"0025CA0000000F49","2025-11-04 09:26:52","2.46","99.78","f","f","f"
"0025CA0000000F49","2025-11-04 09:16:47","0.6","100","f","f","f"
"0025CA0000000F49","2025-11-04 09:06:42","2.79","95.36","f","f","f"
"0025CA0000000F49","2025-11-04 08:56:37","3.89","100","f","f","f"
"0025CA0000000F49","2025-11-04 08:46:31","0.49","100","f","f","f"
"0025CA0000000F49","2025-11-04 08:36:27","3.05","91.18","f","f","f"
"0025CA0000000F49","2025-11-04 08:26:22","2.21","100","f","f","f"
"0025CA0000000F49","2025-11-04 08:16:18","2.36","99.19","f","f","f"
"0025CA0000000F49","2025-11-04 08:06:42","1.47","100","f","f","f"
"0025CA0000000F49","2025-11-04 08:06:27","1.47","100","f","f","f"
"0025CA0000000F49","2025-11-04 08:06:12","1.47","100","f","f","f"
"0025CA0000000F49","2025-11-04 07:56:48","2.55","89.4","f","f","f"
"0025CA0000000F49","2025-11-04 07:56:28","2.55","89.4","f","f","f"
"0025CA0000000F49","2025-11-04 07:46:45","3.35","100","f","f","f"
"0025CA0000000F49","2025-11-04 07:46:31","3.35","100","f","f","f"
"0025CA0000000F49","2025-11-04 07:46:17","3.35","100","f","f","f"
"0025CA0000000F49","2025-11-04 07:46:02","3.35","100","f","f","f"
"0025CA0000000F49","2025-11-04 07:35:57","0.9","100","f","f","f"
"0025CA0000000F49","2025-11-04 07:26:07","3.87","100","f","f","f"
"0025CA0000000F49","2025-11-04 07:25:51","3.87","100","f","f","f"
"0025CA0000000F49","2025-11-04 07:16:10","0.76","100","f","f","f"
"0025CA0000000F49","2025-11-04 07:15:46","0.76","100","f","f","f"
"0025CA0000000F49","2025-11-04 07:05:42","4.14","100","f","f","f"
"0025CA0000000F49","2025-11-04 06:56:45","3.96","100","f","f","f"
"0025CA0000000F49","2025-11-04 06:56:38","3.96","100","f","f","f"
"0025CA0000000F49","2025-11-04 06:56:00","3.96","100","f","f","f"
"0025CA0000000F49","2025-11-04 06:55:45","3.96","100","f","f","f"
"0025CA0000000F49","2025-11-04 06:45:44","2.35","100","f","f","f"
"0025CA0000000F49","2025-11-04 06:45:31","2.35","100","f","f","f"
"0025CA0000000F49","2025-11-04 06:35:46","0.42","100","f","f","f"
"0025CA0000000F49","2025-11-04 06:35:38","0.42","100","f","f","f"
"0025CA0000000F49","2025-11-04 06:35:26","0.42","100","f","f","f"
"0025CA0000000F49","2025-11-04 06:25:41","3.96","96.05","f","f","f"
"0025CA0000000F49","2025-11-04 06:15:29","3.86","100","f","f","f"
"0025CA0000000F49","2025-11-04 06:15:16","3.86","100","f","f","f"
"0025CA0000000F49","2025-11-04 06:05:23","2.55","100","f","f","f"
"0025CA0000000F49","2025-11-04 06:05:18","2.55","100","f","f","f"
"0025CA0000000F49","2025-11-04 06:05:11","2.55","100","f","f","f"
"0025CA0000000F49","2025-11-04 05:55:06","0.26","79.79","f","f","f"
"0025CA0000000F49","2025-11-04 05:45:01","3.95","100","f","f","f"
"0025CA0000000F49","2025-11-04 05:34:56","1.29","100","f","f","f"
"0025CA0000000F49","2025-11-04 05:24:50","2.48","84.82","f","f","f"
"0025CA0000000F49","2025-11-04 05:14:48","3.66","100","f","f","f"
"0025CA0000000F49","2025-11-04 05:04:41","2.62","100","f","f","f"
"0025CA0000000F49","2025-11-04 04:54:35","-0.05","100","f","f","f"
"0025CA0000000F49","2025-11-04 04:44:31","2.13","79.2","f","f","f"
"0025CA0000000F49","2025-11-04 04:34:26","3.19","100","f","f","f"
"0025CA0000000F49","2025-11-04 04:24:21","-0.04","97.28","f","f","f"
"0025CA0000000F49","2025-11-04 04:14:16","5.32","100","f","f","f"
"0025CA0000000F49","2025-11-04 04:04:11","0.99","97.16","f","f","f"
"0025CA0000000F49","2025-11-04 03:54:06","4.15","100","f","f","f"
"0025CA0000000F49","2025-11-04 03:44:01","3.82","100","f","f","f"
"0025CA0000000F49","2025-11-04 03:33:55","1.55","100","f","f","f"
"0025CA0000000F49","2025-11-04 03:23:51","4.06","100","f","f","f"
"0025CA0000000F49","2025-11-04 03:13:45","2.87","100","f","f","f"
"0025CA0000000F49","2025-11-04 03:03:41","3.42","79.95","f","f","f"
"0025CA0000000F49","2025-11-04 02:53:35","3.99","100","f","f","f"
"0025CA0000000F49","2025-11-04 02:43:30","3.73","100","f","f","f"
"0025CA0000000F49","2025-11-04 02:33:25","3.28","100","f","f","f"
"0025CA0000000F49","2025-11-04 02:23:20","2.51","100","f","f","f"
"0025CA0000000F49","2025-11-04 02:13:14","0.41","99.55","f","f","f"
"0025CA0000000F49","2025-11-04 02:03:10","4.84","100","f","f","f"
"0025CA0000000F49","2025-11-04 01:53:05","4.17","100","f","f","f"
"0025CA0000000F49","2025-11-04 01:43:00","3.94","100","f","f","f"
"0025CA0000000F49","2025-11-04 01:32:54","3.62","100","f","f","f"
"0025CA0000000F49","2025-11-04 01:22:50","3.1","100","f","f","f"
"0025CA0000000F49","2025-11-04 01:12:45","1.9","100","f","f","f"
"0025CA0000000F49","2025-11-04 01:02:40","3.64","88.21","f","f","f"
"0025CA0000000F49","2025-11-04 00:52:35","4.12","100","f","f","f"
"0025CA0000000F49","2025-11-04 00:42:30","3.89","100","f","f","f"
"0025CA0000000F49","2025-11-04 00:32:25","3.6","100","f","f","f"
"0025CA0000000F49","2025-11-04 00:22:20","3.14","100","f","f","f"
"0025CA0000000F49","2025-11-04 00:12:15","2.22","100","f","f","f"
"0025CA0000000F49","2025-11-04 00:02:10","0.25","83.78","f","f","f"
"0025CA0000000F49","2025-11-03 23:52:05","4.21","100","f","f","f"
"0025CA0000000F49","2025-11-03 23:41:59","3.94","100","f","f","f"
"0025CA0000000F49","2025-11-03 23:31:54","3.65","100","f","f","f"
"0025CA0000000F49","2025-11-03 23:21:49","3.19","100","f","f","f"
"0025CA0000000F49","2025-11-03 23:11:44","2.2","100","f","f","f"
"0025CA0000000F49","2025-11-03 23:01:39","2.22","78.68","f","f","f"
"0025CA0000000F49","2025-11-03 22:51:33","4.12","100","f","f","f"
"0025CA0000000F49","2025-11-03 22:41:29","3.95","100","f","f","f"
"0025CA0000000F49","2025-11-03 22:31:24","3.67","100","f","f","f"
"0025CA0000000F49","2025-11-03 22:21:19","3.28","100","f","f","f"
"0025CA0000000F49","2025-11-03 22:11:14","2.65","100","f","f","f"
"0025CA0000000F49","2025-11-03 22:01:09","1.22","100","f","f","f"
"0025CA0000000F49","2025-11-03 21:51:04","1.68","76.92","f","f","f"
"0025CA0000000F49","2025-11-03 21:40:58","4.25","100","f","f","f"
"0025CA0000000F49","2025-11-03 21:30:54","4.03","100","f","f","f"
"0025CA0000000F49","2025-11-03 21:20:54","3.33","100","f","f","f"
"0025CA0000000F49","2025-11-03 21:20:49","3.33","100","f","f","f"
"0025CA0000000F49","2025-11-03 21:11:07","2.33","100","f","f","f"
"0025CA0000000F49","2025-11-03 21:10:44","2.33","100","f","f","f"
"0025CA0000000F49","2025-11-03 21:01:23","0.51","84.51","f","f","f"
"0025CA0000000F49","2025-11-03 21:01:07","0.51","84.51","f","f","f"
"0025CA0000000F49","2025-11-03 21:00:54","0.51","84.51","f","f","f"
"0025CA0000000F49","2025-11-03 21:00:39","0.51","84.51","f","f","f"
"0025CA0000000F49","2025-11-03 20:50:40","3.72","100","f","f","f"
"0025CA0000000F49","2025-11-03 20:50:34","3.72","100","f","f","f"
"0025CA0000000F49","2025-11-03 20:40:48","3.16","100","f","f","f"
"0025CA0000000F49","2025-11-03 20:40:41","3.16","100","f","f","f"
"0025CA0000000F49","2025-11-03 20:40:35","3.16","100","f","f","f"
"0025CA0000000F49","2025-11-03 20:40:29","3.16","100","f","f","f"
"0025CA0000000F49","2025-11-03 20:30:36","2.13","100","f","f","f"
"0025CA0000000F49","2025-11-03 20:30:30","2.13","100","f","f","f"
"0025CA0000000F49","2025-11-03 20:30:24","2.13","100","f","f","f"
"0025CA0000000F49","2025-11-03 20:20:31","0.1","98.91","f","f","f"
"0025CA0000000F49","2025-11-03 20:20:24","0.1","98.91","f","f","f"
"0025CA0000000F49","2025-11-03 20:20:18","0.1","98.91","f","f","f"
"0025CA0000000F49","2025-11-03 20:10:13","3.91","100","f","f","f"
"0025CA0000000F49","2025-11-03 20:00:27","2.99","100","f","f","f"
"0025CA0000000F49","2025-11-03 20:00:20","2.99","100","f","f","f"
"0025CA0000000F49","2025-11-03 20:00:15","2.99","100","f","f","f"
"0025CA0000000F49","2025-11-03 20:00:08","2.99","100","f","f","f"
"0025CA0000000F49","2025-11-03 19:50:23","1.51","100","f","f","f"
"0025CA0000000F49","2025-11-03 19:50:15","1.51","100","f","f","f"
"0025CA0000000F49","2025-11-03 19:50:10","1.51","100","f","f","f"
"0025CA0000000F49","2025-11-03 19:50:02","1.51","100","f","f","f"
"0025CA0000000F49","2025-11-03 19:40:17","2.38","83.61","f","f","f"
"0025CA0000000F49","2025-11-03 19:40:10","2.38","83.61","f","f","f"
"0025CA0000000F49","2025-11-03 19:40:04","2.38","83.61","f","f","f"
"0025CA0000000F49","2025-11-03 19:39:58","2.38","83.61","f","f","f"
"0025CA0000000F49","2025-11-03 19:30:12","3.66","100","f","f","f"
"0025CA0000000F49","2025-11-03 19:30:05","3.66","100","f","f","f"
"0025CA0000000F49","2025-11-03 19:29:59","3.66","100","f","f","f"
"0025CA0000000F49","2025-11-03 19:29:53","3.66","100","f","f","f"
"0025CA0000000F49","2025-11-03 19:20:07","1.41","100","f","f","f"
"0025CA0000000F49","2025-11-03 19:20:00","1.41","100","f","f","f"
"0025CA0000000F49","2025-11-03 19:19:55","1.41","100","f","f","f"
"0025CA0000000F49","2025-11-03 19:19:48","1.41","100","f","f","f"
"0025CA0000000F49","2025-11-03 19:10:02","4.2","100","f","f","f"
"0025CA0000000F49","2025-11-03 19:09:50","4.2","100","f","f","f"
"0025CA0000000F49","2025-11-03 19:09:43","4.2","100","f","f","f"
"0025CA0000000F49","2025-11-03 18:59:57","1.77","100","f","f","f"
"0025CA0000000F49","2025-11-03 18:59:50","1.77","100","f","f","f"
"0025CA0000000F49","2025-11-03 18:59:44","1.77","100","f","f","f"
"0025CA0000000F49","2025-11-03 18:59:38","1.77","100","f","f","f"
"0025CA0000000F49","2025-11-03 18:49:52","2.19","79.33","f","f","f"
"0025CA0000000F49","2025-11-03 18:49:45","2.19","79.33","f","f","f"
"0025CA0000000F49","2025-11-03 18:49:39","2.19","79.33","f","f","f"
"0025CA0000000F49","2025-11-03 18:49:33","2.19","79.33","f","f","f"
"0025CA0000000F49","2025-11-03 18:39:48","3.32","100","f","f","f"
"0025CA0000000F49","2025-11-03 18:39:40","3.32","100","f","f","f"
"0025CA0000000F49","2025-11-03 18:39:34","3.32","100","f","f","f"
"0025CA0000000F49","2025-11-03 18:39:28","3.32","100","f","f","f"
"0025CA0000000F49","2025-11-03 18:29:23","1.79","100","f","f","f"
"0025CA0000000F49","2025-11-03 18:19:36","1.66","80.86","f","f","f"
"0025CA0000000F49","2025-11-03 18:19:30","1.66","80.86","f","f","f"
"0025CA0000000F49","2025-11-03 18:19:23","1.66","80.86","f","f","f"
"0025CA0000000F49","2025-11-03 18:19:17","1.66","80.86","f","f","f"
"0025CA0000000F49","2025-11-03 18:09:32","3.05","100","f","f","f"
"0025CA0000000F49","2025-11-03 18:09:25","3.05","100","f","f","f"
"0025CA0000000F49","2025-11-03 18:09:19","3.05","100","f","f","f"
"0025CA0000000F49","2025-11-03 18:09:13","3.05","100","f","f","f"
"0025CA0000000F49","2025-11-03 17:59:27","1.29","100","f","f","f"
"0025CA0000000F49","2025-11-03 17:59:20","1.29","100","f","f","f"
"0025CA0000000F49","2025-11-03 17:59:14","1.29","100","f","f","f"
"0025CA0000000F49","2025-11-03 17:59:08","1.29","100","f","f","f"
"0025CA0000000F49","2025-11-03 17:49:03","3.81","100","f","f","f"
"0025CA0000000F49","2025-11-03 17:38:57","1.08","100","f","f","f"
"0025CA0000000F49","2025-11-03 17:29:11","4.14","94.04","f","f","f"
"0025CA0000000F49","2025-11-03 17:29:05","4.14","94.04","f","f","f"
"0025CA0000000F49","2025-11-03 17:28:58","4.14","94.04","f","f","f"
"0025CA0000000F49","2025-11-03 17:28:53","4.14","94.04","f","f","f"
"0025CA0000000F49","2025-11-03 17:19:06","1.52","100","f","f","f"
"0025CA0000000F49","2025-11-03 17:19:00","1.52","100","f","f","f"
"0025CA0000000F49","2025-11-03 17:18:53","1.52","100","f","f","f"
"0025CA0000000F49","2025-11-03 17:18:48","1.52","100","f","f","f"
"0025CA0000000F49","2025-11-03 17:08:48","4.16","100","f","f","f"
"0025CA0000000F49","2025-11-03 17:08:43","4.16","100","f","f","f"
"0025CA0000000F49","2025-11-03 16:58:50","1.34","100","f","f","f"
"0025CA0000000F49","2025-11-03 16:58:44","1.34","100","f","f","f"
"0025CA0000000F49","2025-11-03 16:58:37","1.34","100","f","f","f"
"0025CA0000000F49","2025-11-03 16:48:32","3.47","88.57","f","f","f"
"0025CA0000000F49","2025-11-03 16:38:39","3.77","100","f","f","f"
"0025CA0000000F49","2025-11-03 16:38:34","3.77","100","f","f","f"
"0025CA0000000F49","2025-11-03 16:38:27","3.77","100","f","f","f"
"0025CA0000000F49","2025-11-03 16:28:22","3.26","100","f","f","f"
"0025CA0000000F49","2025-11-03 16:18:17","1.91","100","f","f","f"
"0025CA0000000F49","2025-11-03 16:08:12","0.73","76.98","f","f","f"
"0025CA0000000F49","2025-11-03 15:58:07","3.71","100","f","f","f"
"0025CA0000000F49","2025-11-03 15:48:01","3.17","100","f","f","f"
"0025CA0000000F49","2025-11-03 15:37:57","0.77","83.11","f","f","f"
"0025CA0000000F49","2025-11-03 15:27:52","0.04","100","f","f","f"
"0025CA0000000F49","2025-11-03 15:18:31","3.11","86.21","f","f","f"
"0025CA0000000F49","2025-11-03 15:18:16","3.11","86.21","f","f","f"
"0025CA0000000F49","2025-11-03 15:18:02","3.11","86.21","f","f","f"
"0025CA0000000F49","2025-11-03 15:17:47","3.11","86.21","f","f","f"
"0025CA0000000F49","2025-11-03 15:07:42","3.47","100","f","f","f"
"0025CA0000000F49","2025-11-03 14:57:37","2.6","100","f","f","f"
"0025CA0000000F49","2025-11-03 14:47:31","0.25","100","f","f","f"
"0025CA0000000F49","2025-11-03 14:37:27","2.98","86.22","f","f","f"
"0025CA0000000F49","2025-11-03 14:27:28","3.71","100","f","f","f"
"0025CA0000000F49","2025-11-03 14:17:24","1.91","100","f","f","f"
"0025CA0000000F49","2025-11-03 14:07:12","-0.77","93.44","f","f","f"
"0025CA0000000F49","2025-11-03 13:57:06","2.64","90.33","f","f","f"
"0025CA0000000F49","2025-11-03 13:47:01","1.38","100","f","f","f"
"0025CA0000000F49","2025-11-03 13:36:56","1.55","82.59","f","f","f"
"0025CA0000000F49","2025-11-03 13:27:10","2.33","100","f","f","f"
"0025CA0000000F49","2025-11-03 13:16:52","-0.33","76.17","f","f","f"
"0025CA0000000F49","2025-11-03 13:16:46","-0.33","76.17","f","f","f"
"0025CA0000000F49","2025-11-03 13:07:01","5.9","100","f","f","f"
"0025CA0000000F49","2025-11-03 13:06:53","5.9","100","f","f","f"
"0025CA0000000F49","2025-11-03 13:06:47","5.9","100","f","f","f"
"0025CA0000000F49","2025-11-03 13:06:41","5.9","100","f","f","f"
"0025CA0000000F49","2025-11-03 12:56:48","0.08","100","f","f","f"
"0025CA0000000F49","2025-11-03 12:47:01","1.06","79.39","f","f","f"
"0025CA0000000F49","2025-11-03 12:46:45","1.06","79.39","f","f","f"
"0025CA0000000F49","2025-11-03 12:46:30","1.06","79.39","f","f","f"
"0025CA0000000F49","2025-11-03 12:36:55","3","100","f","f","f"
"0025CA0000000F49","2025-11-03 12:36:41","3","100","f","f","f"
"0025CA0000000F49","2025-11-03 12:36:25","3","100","f","f","f"
"0025CA0000000F49","2025-11-03 12:27:30","0.49","100","f","f","f"
"0025CA0000000F49","2025-11-03 12:27:07","0.49","100","f","f","f"
"0025CA0000000F49","2025-11-03 12:26:44","0.49","100","f","f","f"
"0025CA0000000F49","2025-11-03 12:26:21","0.49","100","f","f","f"
"0025CA0000000F49","2025-11-03 12:16:39","4.99","100","f","f","f"
"0025CA0000000F49","2025-11-03 12:16:15","4.99","100","f","f","f"
"0025CA0000000F49","2025-11-03 12:06:25","0.37","100","f","f","f"
"0025CA0000000F49","2025-11-03 12:06:11","0.37","100","f","f","f"
"0025CA0000000F49","2025-11-03 11:56:06","4.33","100","f","f","f"
"0025CA0000000F49","2025-11-03 11:46:00","0.4","100","f","f","f"
"0025CA0000000F49","2025-11-03 11:35:55","0.29","93.44","f","f","f"
"0025CA0000000F49","2025-11-03 11:26:05","3.15","100","f","f","f"
"0025CA0000000F49","2025-11-03 11:15:45","0.18","88.03","f","f","f"
"0025CA0000000F49","2025-11-03 11:05:46","1.59","86.07","f","f","f"
"0025CA0000000F49","2025-11-03 10:55:54","5.53","97.71","f","f","f"
"0025CA0000000F49","2025-11-03 10:55:48","5.53","97.71","f","f","f"
"0025CA0000000F49","2025-11-03 10:55:42","5.53","97.71","f","f","f"
"0025CA0000000F49","2025-11-03 10:45:31","1.37","100","f","f","f"
"0025CA0000000F49","2025-11-03 10:35:26","2.98","100","f","f","f"
"0025CA0000000F49","2025-11-03 10:25:27","1.46","83.56","f","f","f"
"0025CA0000000F49","2025-11-03 10:25:20","1.46","83.56","f","f","f"
"0025CA0000000F49","2025-11-03 10:15:15","2.98","100","f","f","f"
"0025CA0000000F49","2025-11-03 10:05:10","0.65","80.67","f","f","f"
"0025CA0000000F49","2025-11-03 09:55:05","3.1","100","f","f","f"
"0025CA0000000F49","2025-11-03 09:45:00","-0.5","91.82","f","f","f"
"0025CA0000000F49","2025-11-03 09:34:55","1.87","94.2","f","f","f"
"0025CA0000000F49","2025-11-03 09:24:58","0.93","100","f","f","f"
"0025CA0000000F49","2025-11-03 09:14:52","2.16","94.93","f","f","f"
"0025CA0000000F49","2025-11-03 09:14:46","2.16","94.93","f","f","f"
"0025CA0000000F49","2025-11-03 09:04:39","1.91","100","f","f","f"
"0025CA0000000F49","2025-11-03 08:54:54","-0.33","80.29","f","f","f"
"0025CA0000000F49","2025-11-03 08:54:41","-0.33","80.29","f","f","f"
"0025CA0000000F49","2025-11-03 08:44:30","5.22","100","f","f","f"
"0025CA0000000F49","2025-11-03 08:34:31","0.53","100","f","f","f"
"0025CA0000000F49","2025-11-03 08:34:24","0.53","100","f","f","f"
"0025CA0000000F49","2025-11-03 08:24:19","1.29","80.01","f","f","f"
"0025CA0000000F49","2025-11-03 08:14:14","3.51","100","f","f","f"
"0025CA0000000F49","2025-11-03 08:04:18","-0.06","99.99","f","f","f"
"0025CA0000000F49","2025-11-03 07:54:05","3.24","100","f","f","f"
"0025CA0000000F49","2025-11-03 07:44:00","0.81","88.12","f","f","f"
"0025CA0000000F49","2025-11-03 07:34:09","2.52","100","f","f","f"
"0025CA0000000F49","2025-11-03 07:33:55","2.52","100","f","f","f"
"0025CA0000000F49","2025-11-03 07:24:57","2.32","89.27","f","f","f"
"0025CA0000000F49","2025-11-03 07:24:35","2.32","89.27","f","f","f"
"0025CA0000000F49","2025-11-03 07:24:12","2.32","89.27","f","f","f"
"0025CA0000000F49","2025-11-03 07:23:50","2.32","89.27","f","f","f"
"0025CA0000000F49","2025-11-03 07:13:44","1.65","100","f","f","f"
"0025CA0000000F49","2025-11-03 07:03:39","1.54","85.65","f","f","f"
"0025CA0000000F49","2025-11-03 06:54:18","3.6","100","f","f","f"
"0025CA0000000F49","2025-11-03 06:53:55","3.6","100","f","f","f"
"0025CA0000000F49","2025-11-03 06:53:34","3.6","100","f","f","f"
"0025CA0000000F49","2025-11-03 06:43:29","1.98","100","f","f","f"
"0025CA0000000F49","2025-11-03 06:33:24","5.45","100","f","f","f"
"0025CA0000000F49","2025-11-03 06:23:34","3.74","100","f","f","f"
"0025CA0000000F49","2025-11-03 06:23:28","3.74","100","f","f","f"
"0025CA0000000F49","2025-11-03 06:13:58","3.25","100","f","f","f"
"0025CA0000000F49","2025-11-03 06:13:43","3.25","100","f","f","f"
"0025CA0000000F49","2025-11-03 06:13:29","3.25","100","f","f","f"
"0025CA0000000F49","2025-11-03 06:13:14","3.25","100","f","f","f"
"0025CA0000000F49","2025-11-03 06:03:21","1.95","100","f","f","f"
"0025CA0000000F49","2025-11-03 06:03:16","1.95","100","f","f","f"
"0025CA0000000F49","2025-11-03 05:53:04","0.03","95.44","f","f","f"
"0025CA0000000F49","2025-11-03 05:42:59","1.82","84.13","f","f","f"
"0025CA0000000F49","2025-11-03 05:32:54","3.53","100","f","f","f"
"0025CA0000000F49","2025-11-03 05:22:49","0.78","100","f","f","f"
"0025CA0000000F49","2025-11-03 05:12:44","4.32","100","f","f","f"
"0025CA0000000F49","2025-11-03 05:02:39","4.01","100","f","f","f"
"0025CA0000000F49","2025-11-03 04:52:40","2.33","86.36","f","f","f"
"0025CA0000000F49","2025-11-03 04:42:29","3.06","100","f","f","f"
"0025CA0000000F49","2025-11-03 04:32:24","0.16","80.62","f","f","f"
"0025CA0000000F49","2025-11-03 04:22:19","4.57","100","f","f","f"
"0025CA0000000F49","2025-11-03 04:12:14","1.18","100","f","f","f"
"0025CA0000000F49","2025-11-03 04:02:08","2.94","100","f","f","f"
"0025CA0000000F49","2025-11-03 03:52:03","3.12","93.16","f","f","f"
"0025CA0000000F49","2025-11-03 03:41:58","2.7","100","f","f","f"
"0025CA0000000F49","2025-11-03 03:31:53","2.43","85.12","f","f","f"
"0025CA0000000F49","2025-11-03 03:21:48","2.7","100","f","f","f"
"0025CA0000000F49","2025-11-03 03:11:42","0.66","98.67","f","f","f"
"0025CA0000000F49","2025-11-03 03:01:37","3.73","100","f","f","f"
"0025CA0000000F49","2025-11-03 02:51:33","2.23","79.16","f","f","f"
"0025CA0000000F49","2025-11-03 02:41:28","3.24","100","f","f","f"
"0025CA0000000F49","2025-11-03 02:31:23","2.36","100","f","f","f"
"0025CA0000000F49","2025-11-03 02:21:17","0.44","96.02","f","f","f"
"0025CA0000000F49","2025-11-03 02:11:13","2.78","100","f","f","f"
"0025CA0000000F49","2025-11-03 02:01:08","1.25","100","f","f","f"
"0025CA0000000F49","2025-11-03 01:51:03","4.3","100","f","f","f"
"0025CA0000000F49","2025-11-03 01:40:58","4.04","100","f","f","f"
"0025CA0000000F49","2025-11-03 01:30:58","3.64","100","f","f","f"
"0025CA0000000F49","2025-11-03 01:30:52","3.64","100","f","f","f"
"0025CA0000000F49","2025-11-03 01:20:48","2.93","100","f","f","f"
"0025CA0000000F49","2025-11-03 01:10:43","1.16","98.09","f","f","f"
"0025CA0000000F49","2025-11-03 01:00:50","4.3","100","f","f","f"
"0025CA0000000F49","2025-11-03 01:00:43","4.3","100","f","f","f"
"0025CA0000000F49","2025-11-03 01:00:37","4.3","100","f","f","f"
"0025CA0000000F49","2025-11-03 00:50:33","4.03","100","f","f","f"
"0025CA0000000F49","2025-11-03 00:40:28","3.7","100","f","f","f"
"0025CA0000000F49","2025-11-03 00:30:23","3.21","100","f","f","f"
"0025CA0000000F49","2025-11-03 00:20:17","2.18","100","f","f","f"
"0025CA0000000F49","2025-11-03 00:10:12","0.75","80.2","f","f","f"
"0025CA0000000F49","2025-11-03 00:00:07","2.2","100","f","f","f"
"0025CA0000000F49","2025-11-02 23:50:01","2.25","79.58","f","f","f"
"0025CA0000000F49","2025-11-02 23:39:57","4.26","100","f","f","f"
"0025CA0000000F49","2025-11-02 23:29:51","3.96","100","f","f","f"
"0025CA0000000F49","2025-11-02 23:19:47","3.56","100","f","f","f"
"0025CA0000000F49","2025-11-02 23:09:41","2.76","100","f","f","f"
"0025CA0000000F49","2025-11-02 22:59:37","1.3","89.16","f","f","f"
"0025CA0000000F49","2025-11-02 22:49:32","4.29","100","f","f","f"
"0025CA0000000F49","2025-11-02 22:39:28","4.03","100","f","f","f"
"0025CA0000000F49","2025-11-02 22:29:22","3.68","100","f","f","f"
"0025CA0000000F49","2025-11-02 22:19:17","3.11","100","f","f","f"
"0025CA0000000F49","2025-11-02 22:09:12","1.91","100","f","f","f"
"0025CA0000000F49","2025-11-02 21:59:25","2.25","84.32","f","f","f"
"0025CA0000000F49","2025-11-02 21:59:19","2.25","84.32","f","f","f"
"0025CA0000000F49","2025-11-02 21:59:13","2.25","84.32","f","f","f"
"0025CA0000000F49","2025-11-02 21:59:06","2.25","84.32","f","f","f"
"0025CA0000000F49","2025-11-02 21:49:02","3.59","100","f","f","f"
"0025CA0000000F49","2025-11-02 21:38:57","2.41","100","f","f","f"
"0025CA0000000F49","2025-11-02 21:28:52","2.33","80.88","f","f","f"
"0025CA0000000F49","2025-11-02 21:19:05","4.13","100","f","f","f"
"0025CA0000000F49","2025-11-02 21:18:59","4.13","100","f","f","f"
"0025CA0000000F49","2025-11-02 21:18:53","4.13","100","f","f","f"
"0025CA0000000F49","2025-11-02 21:18:47","4.13","100","f","f","f"
"0025CA0000000F49","2025-11-02 21:08:42","3.61","100","f","f","f"
"0025CA0000000F49","2025-11-02 20:58:49","2.29","100","f","f","f"
"0025CA0000000F49","2025-11-02 20:58:43","2.29","100","f","f","f"
"0025CA0000000F49","2025-11-02 20:58:36","2.29","100","f","f","f"
"0025CA0000000F49","2025-11-02 20:48:50","2.41","87.31","f","f","f"
"0025CA0000000F49","2025-11-02 20:48:43","2.41","87.31","f","f","f"
"0025CA0000000F49","2025-11-02 20:48:38","2.41","87.31","f","f","f"
"0025CA0000000F49","2025-11-02 20:48:31","2.41","87.31","f","f","f"
"0025CA0000000F49","2025-11-02 20:38:38","4","100","f","f","f"
"0025CA0000000F49","2025-11-02 20:38:32","4","100","f","f","f"
"0025CA0000000F49","2025-11-02 20:38:26","4","100","f","f","f"
"0025CA0000000F49","2025-11-02 20:28:28","1.4","100","f","f","f"
"0025CA0000000F49","2025-11-02 20:28:21","1.4","100","f","f","f"
"0025CA0000000F49","2025-11-02 20:18:16","4.24","100","f","f","f"
"0025CA0000000F49","2025-11-02 20:08:30","3.87","100","f","f","f"
"0025CA0000000F49","2025-11-02 20:08:23","3.87","100","f","f","f"
"0025CA0000000F49","2025-11-02 20:08:18","3.87","100","f","f","f"
"0025CA0000000F49","2025-11-02 20:08:10","3.87","100","f","f","f"
"0025CA0000000F49","2025-11-02 19:58:13","1.86","100","f","f","f"
"0025CA0000000F49","2025-11-02 19:58:06","1.86","100","f","f","f"
"0025CA0000000F49","2025-11-02 19:48:01","4.46","100","f","f","f"
"0025CA0000000F49","2025-11-02 19:38:08","4.06","100","f","f","f"
"0025CA0000000F49","2025-11-02 19:38:02","4.06","100","f","f","f"
"0025CA0000000F49","2025-11-02 19:37:56","4.06","100","f","f","f"
"0025CA0000000F49","2025-11-02 19:27:57","1.65","100","f","f","f"
"0025CA0000000F49","2025-11-02 19:27:51","1.65","100","f","f","f"
"0025CA0000000F49","2025-11-02 19:17:58","4","100","f","f","f"
"0025CA0000000F49","2025-11-02 19:17:52","4","100","f","f","f"
"0025CA0000000F49","2025-11-02 19:17:46","4","100","f","f","f"
"0025CA0000000F49","2025-11-02 19:07:47","2.04","100","f","f","f"
"0025CA0000000F49","2025-11-02 19:07:41","2.04","100","f","f","f"
"0025CA0000000F49","2025-11-02 18:57:42","3.41","99.62","f","f","f"
"0025CA0000000F49","2025-11-02 18:57:36","3.41","99.62","f","f","f"
"0025CA0000000F49","2025-11-02 18:47:37","3.87","100","f","f","f"
"0025CA0000000F49","2025-11-02 18:47:31","3.87","100","f","f","f"
"0025CA0000000F49","2025-11-02 18:37:26","1.38","100","f","f","f"
"0025CA0000000F49","2025-11-02 18:27:21","3.95","100","f","f","f"
"0025CA0000000F49","2025-11-02 18:17:16","3.26","100","f","f","f"
"0025CA0000000F49","2025-11-02 18:07:10","2.79","95.52","f","f","f"
"0025CA0000000F49","2025-11-02 17:57:06","1.94","100","f","f","f"
"0025CA0000000F49","2025-11-02 17:47:00","0.67","81.82","f","f","f"
"0025CA0000000F49","2025-11-02 17:36:55","7.09","100","f","f","f"
"0025CA0000000F49","2025-11-02 17:27:09","2.91","93.95","f","f","f"
"0025CA0000000F49","2025-11-02 17:27:02","2.91","93.95","f","f","f"
"0025CA0000000F49","2025-11-02 17:26:56","2.91","93.95","f","f","f"
"0025CA0000000F49","2025-11-02 17:26:51","2.91","93.95","f","f","f"
"0025CA0000000F49","2025-11-02 17:16:45","3.02","100","f","f","f"
"0025CA0000000F49","2025-11-02 17:06:40","1.36","100","f","f","f"
"0025CA0000000F49","2025-11-02 16:56:34","2.47","96.86","f","f","f"
"0025CA0000000F49","2025-11-02 16:46:42","3.41","100","f","f","f"
"0025CA0000000F49","2025-11-02 16:46:37","3.41","100","f","f","f"
"0025CA0000000F49","2025-11-02 16:46:30","3.41","100","f","f","f"
"0025CA0000000F49","2025-11-02 16:36:25","0.24","100","f","f","f"
"0025CA0000000F49","2025-11-02 16:26:20","1.84","100","f","f","f"
"0025CA0000000F49","2025-11-02 16:16:15","4.13","100","f","f","f"
"0025CA0000000F49","2025-11-02 16:06:10","3.76","100","f","f","f"
"0025CA0000000F49","2025-11-02 15:56:20","3.27","100","f","f","f"
"0025CA0000000F49","2025-11-02 15:56:04","3.27","100","f","f","f"
"0025CA0000000F49","2025-11-02 15:45:59","1.14","100","f","f","f"
"0025CA0000000F49","2025-11-02 15:35:55","0.36","96.34","f","f","f"
"0025CA0000000F49","2025-11-02 15:26:04","2.81","100","f","f","f"
"0025CA0000000F49","2025-11-02 15:25:50","2.81","100","f","f","f"
"0025CA0000000F49","2025-11-02 15:15:45","0.88","100","f","f","f"
"0025CA0000000F49","2025-11-02 15:05:40","2.33","81.12","f","f","f"
"0025CA0000000F49","2025-11-02 14:55:35","3.7","100","f","f","f"
"0025CA0000000F49","2025-11-02 14:45:30","2.91","100","f","f","f"
"0025CA0000000F49","2025-11-02 14:35:25","1.2","100","f","f","f"
"0025CA0000000F49","2025-11-02 14:25:20","0.61","78.29","f","f","f"
"0025CA0000000F49","2025-11-02 14:15:14","3.26","100","f","f","f"
"0025CA0000000F49","2025-11-02 14:05:09","-0.74","79.38","f","f","f"
"0025CA0000000F49","2025-11-02 13:55:17","1.24","93.99","f","f","f"
"0025CA0000000F49","2025-11-02 13:55:11","1.24","93.99","f","f","f"
"0025CA0000000F49","2025-11-02 13:55:04","1.24","93.99","f","f","f"
"0025CA0000000F49","2025-11-02 13:45:11","0.4","81.95","f","f","f"
"0025CA0000000F49","2025-11-02 13:45:06","0.4","81.95","f","f","f"
"0025CA0000000F49","2025-11-02 13:44:59","0.4","81.95","f","f","f"
"0025CA0000000F49","2025-11-02 13:34:54","1.02","100","f","f","f"
"0025CA0000000F49","2025-11-02 13:14:50","5.13","100","f","f","f"
"0025CA0000000F49","2025-11-02 13:04:39","0.56","99.34","f","f","f"
"0025CA0000000F49","2025-11-02 12:54:34","2.42","94.46","f","f","f"
"0025CA0000000F49","2025-11-02 12:45:11","3.39","100","f","f","f"
"0025CA0000000F49","2025-11-02 12:44:58","3.39","100","f","f","f"
"0025CA0000000F49","2025-11-02 12:44:43","3.39","100","f","f","f"
"0025CA0000000F49","2025-11-02 12:44:29","3.39","100","f","f","f"
"0025CA0000000F49","2025-11-02 12:35:06","2.46","92.38","f","f","f"
"0025CA0000000F49","2025-11-02 12:34:53","2.46","92.38","f","f","f"
"0025CA0000000F49","2025-11-02 12:34:37","2.46","92.38","f","f","f"
"0025CA0000000F49","2025-11-02 12:34:24","2.46","92.38","f","f","f"
"0025CA0000000F49","2025-11-02 12:24:19","1.26","100","f","f","f"
"0025CA0000000F49","2025-11-02 12:14:27","3.59","100","f","f","f"
"0025CA0000000F49","2025-11-02 12:14:14","3.59","100","f","f","f"
"0025CA0000000F49","2025-11-02 12:04:09","0.51","99.01","f","f","f"
"0025CA0000000F49","2025-11-02 11:55:09","2.67","100","f","f","f"
"0025CA0000000F49","2025-11-02 11:54:49","2.67","100","f","f","f"
"0025CA0000000F49","2025-11-02 11:54:25","2.67","100","f","f","f"
"0025CA0000000F49","2025-11-02 11:54:04","2.67","100","f","f","f"
"0025CA0000000F49","2025-11-02 11:44:08","0.42","77.58","f","f","f"
"0025CA0000000F49","2025-11-02 11:33:54","2.37","100","f","f","f"
"0025CA0000000F49","2025-11-02 11:24:11","1.42","100","f","f","f"
"0025CA0000000F49","2025-11-02 11:14:13","1.41","89.64","f","f","f"
"0025CA0000000F49","2025-11-02 11:03:38","6.67","100","f","f","f"
"0025CA0000000F49","2025-11-02 10:53:40","1.6","100","f","f","f"
"0025CA0000000F49","2025-11-02 10:43:35","1.16","89.02","f","f","f"
"0025CA0000000F49","2025-11-02 10:33:42","0.08","87.54","f","f","f"
"0025CA0000000F49","2025-11-02 10:33:35","0.08","87.54","f","f","f"
"0025CA0000000F49","2025-11-02 10:33:23","0.08","87.54","f","f","f"
"0025CA0000000F49","2025-11-02 10:23:30","3.36","100","f","f","f"
"0025CA0000000F49","2025-11-02 10:23:25","3.36","100","f","f","f"
"0025CA0000000F49","2025-11-02 10:13:13","0.32","100","f","f","f"
"0025CA0000000F49","2025-11-02 10:03:08","4.04","100","f","f","f"
"0025CA0000000F49","2025-11-02 09:53:48","1.75","100","f","f","f"
"0025CA0000000F49","2025-11-02 09:53:33","1.75","100","f","f","f"
"0025CA0000000F49","2025-11-02 09:53:18","1.75","100","f","f","f"
"0025CA0000000F49","2025-11-02 09:53:02","1.75","100","f","f","f"
"0025CA0000000F49","2025-11-02 09:43:08","3.56","100","f","f","f"
"0025CA0000000F49","2025-11-02 09:33:07","1.65","100","f","f","f"
"0025CA0000000F49","2025-11-02 09:32:53","1.65","100","f","f","f"
"0025CA0000000F49","2025-11-02 09:22:48","2.57","100","f","f","f"
"0025CA0000000F49","2025-11-02 09:12:43","0.9","100","f","f","f"
"0025CA0000000F49","2025-11-02 09:03:08","1.86","85.94","f","f","f"
"0025CA0000000F49","2025-11-02 09:02:46","1.86","85.94","f","f","f"
"0025CA0000000F49","2025-11-02 08:53:03","6.57","100","f","f","f"
"0025CA0000000F49","2025-11-02 08:52:33","6.57","100","f","f","f"
"0025CA0000000F49","2025-11-02 08:43:35","1.43","100","f","f","f"
"0025CA0000000F49","2025-11-02 08:43:13","1.43","100","f","f","f"
"0025CA0000000F49","2025-11-02 08:42:50","1.43","100","f","f","f"
"0025CA0000000F49","2025-11-02 08:42:28","1.43","100","f","f","f"
"0025CA0000000F49","2025-11-02 08:32:23","1.37","93.79","f","f","f"
"0025CA0000000F49","2025-11-02 08:23:23","2.09","100","f","f","f"
"0025CA0000000F49","2025-11-02 08:23:02","2.09","100","f","f","f"
"0025CA0000000F49","2025-11-02 08:13:12","0.43","87.47","f","f","f"
"0025CA0000000F49","2025-11-02 08:12:42","0.43","87.47","f","f","f"
"0025CA0000000F49","2025-11-02 08:12:13","0.43","87.47","f","f","f"
"0025CA0000000F49","2025-11-02 08:02:23","2.69","100","f","f","f"
"0025CA0000000F49","2025-11-02 07:53:27","1.93","91.07","f","f","f"
"0025CA0000000F49","2025-11-02 07:52:48","1.93","91.07","f","f","f"
"0025CA0000000F49","2025-11-02 07:52:11","1.93","91.07","f","f","f"
"0025CA0000000F49","2025-11-02 07:43:15","2.6","100","f","f","f"
"0025CA0000000F49","2025-11-02 07:42:44","2.6","100","f","f","f"
"0025CA0000000F49","2025-11-02 07:42:20","2.6","100","f","f","f"
"0025CA0000000F49","2025-11-02 07:41:57","2.6","100","f","f","f"
"0025CA0000000F49","2025-11-02 07:33:02","3.4","100","f","f","f"
"0025CA0000000F49","2025-11-02 07:32:15","3.4","100","f","f","f"
"0025CA0000000F49","2025-11-02 07:31:52","3.4","100","f","f","f"
"0025CA0000000F49","2025-11-02 07:22:19","1.28","100","f","f","f"
"0025CA0000000F49","2025-11-02 07:11:51","0.67","87.1","f","f","f"
"0025CA0000000F49","2025-11-02 07:01:44","3.5","100","f","f","f"
"0025CA0000000F49","2025-11-02 06:51:52","0.71","93.46","f","f","f"
"0025CA0000000F49","2025-11-02 06:51:32","0.71","93.46","f","f","f"
"0025CA0000000F49","2025-11-02 06:41:39","3.63","100","f","f","f"
"0025CA0000000F49","2025-11-02 06:41:33","3.63","100","f","f","f"
"0025CA0000000F49","2025-11-02 06:31:34","1.29","94.88","f","f","f"
"0025CA0000000F49","2025-11-02 06:21:29","3.63","100","f","f","f"
"0025CA0000000F49","2025-11-02 06:11:31","3.38","100","f","f","f"
"0025CA0000000F49","2025-11-02 06:11:24","3.38","100","f","f","f"
"0025CA0000000F49","2025-11-02 06:11:19","3.38","100","f","f","f"
"0025CA0000000F49","2025-11-02 06:11:12","3.38","100","f","f","f"
"0025CA0000000F49","2025-11-02 06:01:25","3.01","100","f","f","f"
"0025CA0000000F49","2025-11-02 06:01:20","3.01","100","f","f","f"
"0025CA0000000F49","2025-11-02 06:01:13","3.01","100","f","f","f"
"0025CA0000000F49","2025-11-02 06:01:07","3.01","100","f","f","f"
"0025CA0000000F49","2025-11-02 05:51:02","0.8","98.46","f","f","f"
"0025CA0000000F49","2025-11-02 05:40:57","4","100","f","f","f"
"0025CA0000000F49","2025-11-02 05:30:59","3.27","100","f","f","f"
"0025CA0000000F49","2025-11-02 05:30:52","3.27","100","f","f","f"
"0025CA0000000F49","2025-11-02 05:20:46","2.07","100","f","f","f"
"0025CA0000000F49","2025-11-02 05:10:42","2.16","91.48","f","f","f"
"0025CA0000000F49","2025-11-02 05:00:56","1.71","100","f","f","f"
"0025CA0000000F49","2025-11-02 05:00:49","1.71","100","f","f","f"
"0025CA0000000F49","2025-11-02 05:00:43","1.71","100","f","f","f"
"0025CA0000000F49","2025-11-02 05:00:36","1.71","100","f","f","f"
"0025CA0000000F49","2025-11-02 04:50:51","2.7","100","f","f","f"
"0025CA0000000F49","2025-11-02 04:50:44","2.7","100","f","f","f"
"0025CA0000000F49","2025-11-02 04:50:38","2.7","100","f","f","f"
"0025CA0000000F49","2025-11-02 04:50:31","2.7","100","f","f","f"
"0025CA0000000F49","2025-11-02 04:40:27","1.45","86.79","f","f","f"
"0025CA0000000F49","2025-11-02 04:30:22","1.44","100","f","f","f"
"0025CA0000000F49","2025-11-02 04:20:36","0.28","79.16","f","f","f"
"0025CA0000000F49","2025-11-02 04:20:29","0.28","79.16","f","f","f"
"0025CA0000000F49","2025-11-02 04:20:16","0.28","79.16","f","f","f"
"0025CA0000000F49","2025-11-02 04:10:30","3.05","100","f","f","f"
"0025CA0000000F49","2025-11-02 04:10:24","3.05","100","f","f","f"
"0025CA0000000F49","2025-11-02 04:10:18","3.05","100","f","f","f"
"0025CA0000000F49","2025-11-02 04:10:11","3.05","100","f","f","f"
"0025CA0000000F49","2025-11-02 04:00:06","2.04","97.06","f","f","f"
"0025CA0000000F49","2025-11-02 03:50:01","0.66","100","f","f","f"
"0025CA0000000F49","2025-11-02 03:39:56","1.55","80.3","f","f","f"
"0025CA0000000F49","2025-11-02 03:29:51","1.77","100","f","f","f"
"0025CA0000000F49","2025-11-02 03:19:45","4.21","100","f","f","f"
"0025CA0000000F49","2025-11-02 03:09:41","3.89","100","f","f","f"
"0025CA0000000F49","2025-11-02 02:59:36","3.25","100","f","f","f"
"0025CA0000000F49","2025-11-02 02:49:31","2.67","79.25","f","f","f"
"0025CA0000000F49","2025-11-02 02:39:44","2.8","100","f","f","f"
"0025CA0000000F49","2025-11-02 02:39:39","2.8","100","f","f","f"
"0025CA0000000F49","2025-11-02 02:39:32","2.8","100","f","f","f"
"0025CA0000000F49","2025-11-02 02:39:26","2.8","100","f","f","f"
"0025CA0000000F49","2025-11-02 02:29:21","0.96","99.28","f","f","f"
"0025CA0000000F49","2025-11-02 02:19:16","3.85","100","f","f","f"
"0025CA0000000F49","2025-11-02 02:09:11","3.25","100","f","f","f"
"0025CA0000000F49","2025-11-02 01:59:06","1.78","100","f","f","f"
"0025CA0000000F49","2025-11-02 01:49:01","4.27","100","f","f","f"
"0025CA0000000F49","2025-11-02 01:39:40","3.98","100","f","f","f"
"0025CA0000000F49","2025-11-02 01:39:25","3.98","100","f","f","f"
"0025CA0000000F49","2025-11-02 01:39:11","3.98","100","f","f","f"
"0025CA0000000F49","2025-11-02 01:38:56","3.98","100","f","f","f"
"0025CA0000000F49","2025-11-02 01:28:50","3.56","100","f","f","f"
"0025CA0000000F49","2025-11-02 01:18:46","2.72","100","f","f","f"
"0025CA0000000F49","2025-11-02 01:08:40","2.62","78.47","f","f","f"
"0025CA0000000F49","2025-11-02 00:58:36","4.13","100","f","f","f"
"0025CA0000000F49","2025-11-02 00:48:30","3.85","100","f","f","f"
"0025CA0000000F49","2025-11-02 00:38:25","3.44","100","f","f","f"
"0025CA0000000F49","2025-11-02 00:28:20","2.62","100","f","f","f"
"0025CA0000000F49","2025-11-02 00:18:14","0.88","93.62","f","f","f"
"0025CA0000000F49","2025-11-02 00:08:09","3.66","100","f","f","f"
"0025CA0000000F49","2025-11-01 23:58:04","3.06","100","f","f","f"
"0025CA0000000F49","2025-11-01 23:48:00","1.44","98.8","f","f","f"
"0025CA0000000F49","2025-11-01 23:37:55","4.24","100","f","f","f"
"0025CA0000000F49","2025-11-01 23:27:50","3.95","100","f","f","f"
"0025CA0000000F49","2025-11-01 23:17:44","3.52","100","f","f","f"
"0025CA0000000F49","2025-11-01 23:07:40","2.65","100","f","f","f"
"0025CA0000000F49","2025-11-01 22:57:35","2.37","77.97","f","f","f"
"0025CA0000000F49","2025-11-01 22:47:30","4.13","100","f","f","f"
"0025CA0000000F49","2025-11-01 22:37:25","3.82","100","f","f","f"
"0025CA0000000F49","2025-11-01 22:27:20","3.38","100","f","f","f"
"0025CA0000000F49","2025-11-01 22:17:15","2.39","100","f","f","f"
"0025CA0000000F49","2025-11-01 22:07:10","1.43","75.6","f","f","f"
"0025CA0000000F49","2025-11-01 21:57:05","3.97","100","f","f","f"
"0025CA0000000F49","2025-11-01 21:47:00","3.42","100","f","f","f"
"0025CA0000000F49","2025-11-01 21:36:54","2.25","100","f","f","f"
"0025CA0000000F49","2025-11-01 21:27:51","4","100","f","f","f"
"0025CA0000000F49","2025-11-01 21:27:18","4","100","f","f","f"
"0025CA0000000F49","2025-11-01 21:17:28","3.23","100","f","f","f"
"0025CA0000000F49","2025-11-01 21:07:25","1.49","93.43","f","f","f"
"0025CA0000000F49","2025-11-01 21:07:02","1.49","93.43","f","f","f"
"0025CA0000000F49","2025-11-01 21:06:39","1.49","93.43","f","f","f"
"0025CA0000000F49","2025-11-01 20:57:52","3.64","100","f","f","f"
"0025CA0000000F49","2025-11-01 20:46:28","2.34","100","f","f","f"
"0025CA0000000F49","2025-11-01 20:36:56","4.09","100","f","f","f"
"0025CA0000000F49","2025-11-01 20:36:32","4.09","100","f","f","f"
"0025CA0000000F49","2025-11-01 20:26:18","3.78","100","f","f","f"
"0025CA0000000F49","2025-11-01 20:16:37","2.68","100","f","f","f"
"0025CA0000000F49","2025-11-01 20:16:14","2.68","100","f","f","f"
"0025CA0000000F49","2025-11-01 20:06:56","1.09","100","f","f","f"
"0025CA0000000F49","2025-11-01 20:06:32","1.09","100","f","f","f"
"0025CA0000000F49","2025-11-01 20:06:16","1.09","100","f","f","f"
"0025CA0000000F49","2025-11-01 19:56:35","2.57","83.28","f","f","f"
"0025CA0000000F49","2025-11-01 19:46:30","3.16","100","f","f","f"
"0025CA0000000F49","2025-11-01 19:46:06","3.16","100","f","f","f"
"0025CA0000000F49","2025-11-01 19:36:06","1.15","100","f","f","f"
"0025CA0000000F49","2025-11-01 19:36:00","1.15","100","f","f","f"
"0025CA0000000F49","2025-11-01 19:26:01","3.22","100","f","f","f"
"0025CA0000000F49","2025-11-01 19:25:49","3.22","100","f","f","f"
"0025CA0000000F49","2025-11-01 19:15:44","0.74","95.38","f","f","f"
"0025CA0000000F49","2025-11-01 18:55:53","1.62","100","f","f","f"
"0025CA0000000F49","2025-11-01 18:55:40","1.62","100","f","f","f"
"0025CA0000000F49","2025-11-01 18:45:29","3.08","100","f","f","f"
"0025CA0000000F49","2025-11-01 18:35:42","2.61","86.88","f","f","f"
"0025CA0000000F49","2025-11-01 18:35:37","2.61","86.88","f","f","f"
"0025CA0000000F49","2025-11-01 18:35:30","2.61","86.88","f","f","f"
"0025CA0000000F49","2025-11-01 18:35:24","2.61","86.88","f","f","f"
"0025CA0000000F49","2025-11-01 18:26:02","2.35","100","f","f","f"
"0025CA0000000F49","2025-11-01 18:25:55","2.35","100","f","f","f"
"0025CA0000000F49","2025-11-01 18:25:34","2.35","100","f","f","f"
"0025CA0000000F49","2025-11-01 18:25:19","2.35","100","f","f","f"
"0025CA0000000F49","2025-11-01 18:15:41","3.27","100","f","f","f"
"0025CA0000000F49","2025-11-01 18:15:28","3.27","100","f","f","f"
"0025CA0000000F49","2025-11-01 18:15:13","3.27","100","f","f","f"
"0025CA0000000F49","2025-11-01 18:05:17","2.61","94.05","f","f","f"
"0025CA0000000F49","2025-11-01 17:55:03","1.68","100","f","f","f"
"0025CA0000000F49","2025-11-01 17:46:24","3.27","90.97","f","f","f"
"0025CA0000000F49","2025-11-01 17:45:42","3.27","90.97","f","f","f"
"0025CA0000000F49","2025-11-01 17:45:20","3.27","90.97","f","f","f"
"0025CA0000000F49","2025-11-01 17:45:13","3.27","90.97","f","f","f"
"0025CA0000000F49","2025-11-01 17:34:53","1.86","100","f","f","f"
"0025CA0000000F49","2025-11-01 17:25:03","3.95","100","f","f","f"
"0025CA0000000F49","2025-11-01 17:24:57","3.95","100","f","f","f"
"0025CA0000000F49","2025-11-01 17:15:20","2.44","100","f","f","f"
"0025CA0000000F49","2025-11-01 17:14:56","2.44","100","f","f","f"
"0025CA0000000F49","2025-11-01 17:14:43","2.44","100","f","f","f"
"0025CA0000000F49","2025-11-01 17:04:38","3.97","100","f","f","f"
"0025CA0000000F49","2025-11-01 16:54:32","3.79","100","f","f","f"
"0025CA0000000F49","2025-11-01 16:44:28","1.58","93.49","f","f","f"
"0025CA0000000F49","2025-11-01 16:34:23","3.97","100","f","f","f"
"0025CA0000000F49","2025-11-01 16:24:18","2.81","100","f","f","f"
"0025CA0000000F49","2025-11-01 16:14:29","1.44","89.45","f","f","f"
"0025CA0000000F49","2025-11-01 16:04:07","3.5","100","f","f","f"
"0025CA0000000F49","2025-11-01 15:54:03","1.45","100","f","f","f"
"0025CA0000000F49","2025-11-01 15:44:40","3.31","100","f","f","f"
"0025CA0000000F49","2025-11-01 15:44:26","3.31","100","f","f","f"
"0025CA0000000F49","2025-11-01 15:44:11","3.31","100","f","f","f"
"0025CA0000000F49","2025-11-01 15:43:58","3.31","100","f","f","f"
"0025CA0000000F49","2025-11-01 15:34:29","3.04","84.38","f","f","f"
"0025CA0000000F49","2025-11-01 15:23:48","2.45","100","f","f","f"
"0025CA0000000F49","2025-11-01 15:13:43","3.91","100","f","f","f"
"0025CA0000000F49","2025-11-01 15:04:01","2.92","100","f","f","f"